Date,Open,High,Low,Close
12/29/2017,53.29,53.29,53.29,53.29
12/28/2017,53.73,53.73,53.73,53.73
12/27/2017,53.49,53.49,53.49,53.49
12/26/2017,53.48,53.48,53.48,53.48
12/22/2017,53.49,53.49,53.49,53.49
12/21/2017,53.6,53.6,53.6,53.6
12/20/2017,53.42,53.42,53.42,53.42
12/19/2017,53.39,53.39,53.39,53.39
12/18/2017,53.81,53.81,53.81,53.81
12/15/2017,53.15,53.15,53.15,53.15
12/14/2017,52.39,52.39,52.39,52.39
12/13/2017,53.12,53.12,53.12,53.12
12/12/2017,57.43,57.43,57.43,57.43
12/11/2017,57.6,57.6,57.6,57.6
12/8/2017,57.64,57.64,57.64,57.64
12/7/2017,57.54,57.54,57.54,57.54
12/6/2017,56.97,56.97,56.97,56.97
12/5/2017,57.19,57.19,57.19,57.19
12/4/2017,57.8,57.8,57.8,57.8
12/1/2017,57.82,57.82,57.82,57.82
11/30/2017,58.08,58.08,58.08,58.08
11/29/2017,58.02,58.02,58.02,58.02
11/28/2017,57.8,57.8,57.8,57.8
11/27/2017,56.86,56.86,56.86,56.86
11/24/2017,57.12,57.12,57.12,57.12
11/22/2017,57.08,57.08,57.08,57.08
11/21/2017,57.16,57.16,57.16,57.16
11/20/2017,56.54,56.54,56.54,56.54
11/17/2017,55.97,55.97,55.97,55.97
11/16/2017,55.76,55.76,55.76,55.76
11/15/2017,54.89,54.89,54.89,54.89
11/14/2017,55.26,55.26,55.26,55.26
11/13/2017,55.33,55.33,55.33,55.33
11/10/2017,55.33,55.33,55.33,55.33
11/9/2017,55.41,55.41,55.41,55.41
11/8/2017,55.58,55.58,55.58,55.58
11/7/2017,55.31,55.31,55.31,55.31
11/6/2017,56.04,56.04,56.04,56.04
11/3/2017,55.88,55.88,55.88,55.88
11/2/2017,56.07,56.07,56.07,56.07
11/1/2017,56.1,56.1,56.1,56.1
10/31/2017,56.51,56.51,56.51,56.51
10/30/2017,55.91,55.91,55.91,55.91
10/27/2017,56.71,56.71,56.71,56.71
10/26/2017,56.39,56.39,56.39,56.39
10/25/2017,56.35,56.35,56.35,56.35
10/24/2017,56.55,56.55,56.55,56.55
10/23/2017,56.39,56.39,56.39,56.39
10/20/2017,56.83,56.83,56.83,56.83
10/19/2017,56.39,56.39,56.39,56.39
10/18/2017,56.54,56.54,56.54,56.54
10/17/2017,56.33,56.33,56.33,56.33
10/16/2017,56.58,56.58,56.58,56.58
10/13/2017,56.58,56.58,56.58,56.58
10/12/2017,56.68,56.68,56.68,56.68
10/11/2017,56.73,56.73,56.73,56.73
10/10/2017,56.76,56.76,56.76,56.76
10/9/2017,56.55,56.55,56.55,56.55
10/6/2017,56.76,56.76,56.76,56.76
10/5/2017,56.87,56.87,56.87,56.87
10/4/2017,56.73,56.73,56.73,56.73
10/3/2017,56.93,56.93,56.93,56.93
10/2/2017,56.91,56.91,56.91,56.91
9/29/2017,56.07,56.07,56.07,56.07
9/28/2017,56.11,56.11,56.11,56.11
9/27/2017,55.85,55.85,55.85,55.85
9/26/2017,54.83,54.83,54.83,54.83
9/25/2017,54.59,54.59,54.59,54.59
9/22/2017,54.57,54.57,54.57,54.57
9/21/2017,54.23,54.23,54.23,54.23
9/20/2017,54.36,54.36,54.36,54.36
9/19/2017,54.24,54.24,54.24,54.24
9/18/2017,54.22,54.22,54.22,54.22
9/15/2017,53.73,53.73,53.73,53.73
9/14/2017,53.41,53.41,53.41,53.41
9/13/2017,53.44,53.44,53.44,53.44
9/12/2017,53.42,53.42,53.42,53.42
9/11/2017,53.08,53.08,53.08,53.08
9/8/2017,52.39,52.39,52.39,52.39
9/7/2017,52.34,52.34,52.34,52.34
9/6/2017,52.47,52.47,52.47,52.47
9/5/2017,52.42,52.42,52.42,52.42
9/1/2017,52.98,52.98,52.98,52.98
8/31/2017,52.61,52.61,52.61,52.61
8/30/2017,52.12,52.12,52.12,52.12
8/29/2017,51.67,51.67,51.67,51.67
8/28/2017,51.63,51.63,51.63,51.63
8/25/2017,51.33,51.33,51.33,51.33
8/24/2017,51.12,51.12,51.12,51.12
8/23/2017,51,51,51,51
8/22/2017,51.08,51.08,51.08,51.08
8/21/2017,50.53,50.53,50.53,50.53
8/18/2017,50.63,50.63,50.63,50.63
8/17/2017,50.67,50.67,50.67,50.67
8/16/2017,51.58,51.58,51.58,51.58
8/15/2017,51.5,51.5,51.5,51.5
8/14/2017,51.92,51.92,51.92,51.92
8/11/2017,51.14,51.14,51.14,51.14
8/10/2017,50.96,50.96,50.96,50.96
8/9/2017,51.9,51.9,51.9,51.9
8/8/2017,52.67,52.67,52.67,52.67
8/7/2017,52.87,52.87,52.87,52.87
8/4/2017,52.74,52.74,52.74,52.74
8/3/2017,52.52,52.52,52.52,52.52
8/2/2017,52.83,52.83,52.83,52.83
8/1/2017,53.42,53.42,53.42,53.42
7/31/2017,53.3,53.3,53.3,53.3
7/28/2017,53.52,53.52,53.52,53.52
7/27/2017,53.59,53.59,53.59,53.59
7/26/2017,53.91,53.91,53.91,53.91
7/25/2017,54.37,54.37,54.37,54.37
7/24/2017,53.96,53.96,53.96,53.96
7/21/2017,53.81,53.81,53.81,53.81
7/20/2017,54.14,54.14,54.14,54.14
7/19/2017,54.19,54.19,54.19,54.19
7/18/2017,53.69,53.69,53.69,53.69
7/17/2017,53.8,53.8,53.8,53.8
7/14/2017,53.51,53.51,53.51,53.51
7/13/2017,53.38,53.38,53.38,53.38
7/12/2017,53.29,53.29,53.29,53.29
7/11/2017,52.86,52.86,52.86,52.86
7/10/2017,52.63,52.63,52.63,52.63
7/7/2017,52.86,52.86,52.86,52.86
7/6/2017,52.2,52.2,52.2,52.2
7/5/2017,52.85,52.85,52.85,52.85
7/3/2017,53.06,53.06,53.06,53.06
6/30/2017,52.63,52.63,52.63,52.63
6/29/2017,52.68,52.68,52.68,52.68
6/28/2017,53.13,53.13,53.13,53.13
6/27/2017,52.21,52.21,52.21,52.21
6/26/2017,52.73,52.73,52.73,52.73
6/23/2017,52.55,52.55,52.55,52.55
6/22/2017,52.23,52.23,52.23,52.23
6/21/2017,52.06,52.06,52.06,52.06
6/20/2017,52.23,52.23,52.23,52.23
6/19/2017,52.84,52.84,52.84,52.84
6/16/2017,52.42,52.42,52.42,52.42
6/15/2017,52.58,52.58,52.58,52.58
6/14/2017,52.9,52.9,52.9,52.9
6/13/2017,53.19,53.19,53.19,53.19
6/12/2017,52.93,52.93,52.93,52.93
6/9/2017,53.02,53.02,53.02,53.02
6/8/2017,52.85,52.85,52.85,52.85
6/7/2017,52.03,52.03,52.03,52.03
6/6/2017,51.87,51.87,51.87,51.87
6/5/2017,52,52,52,52
6/2/2017,52.37,52.37,52.37,52.37
6/1/2017,52.07,52.07,52.07,52.07
5/31/2017,51.08,51.08,51.08,51.08
5/30/2017,51.15,51.15,51.15,51.15
5/26/2017,51.52,51.52,51.52,51.52
5/25/2017,51.58,51.58,51.58,51.58
5/24/2017,51.52,51.52,51.52,51.52
5/23/2017,51.42,51.42,51.42,51.42
5/22/2017,51.25,51.25,51.25,51.25
5/19/2017,50.89,50.89,50.89,50.89
5/18/2017,50.73,50.73,50.73,50.73
5/17/2017,50.46,50.46,50.46,50.46
5/16/2017,52.04,52.04,52.04,52.04
5/15/2017,51.98,51.98,51.98,51.98
5/12/2017,51.59,51.59,51.59,51.59
5/11/2017,51.9,51.9,51.9,51.9
5/10/2017,52.13,52.13,52.13,52.13
5/9/2017,51.75,51.75,51.75,51.75
5/8/2017,51.74,51.74,51.74,51.74
5/5/2017,51.97,51.97,51.97,51.97
5/4/2017,51.99,51.99,51.99,51.99
5/3/2017,52.11,52.11,52.11,52.11
5/2/2017,52.4,52.4,52.4,52.4
5/1/2017,52.8,52.8,52.8,52.8
4/28/2017,52.42,52.42,52.42,52.42
4/27/2017,53.08,53.08,53.08,53.08
4/26/2017,52.98,52.98,52.98,52.98
4/25/2017,52.6,52.6,52.6,52.6
4/24/2017,52.03,52.03,52.03,52.03
4/21/2017,51.26,51.26,51.26,51.26
4/20/2017,51.42,51.42,51.42,51.42
4/19/2017,50.67,50.67,50.67,50.67
4/18/2017,50.45,50.45,50.45,50.45
4/17/2017,50.51,50.51,50.51,50.51
4/13/2017,49.94,49.94,49.94,49.94
4/12/2017,50.43,50.43,50.43,50.43
4/11/2017,51.12,51.12,51.12,51.12
4/10/2017,50.58,50.58,50.58,50.58
4/7/2017,50.46,50.46,50.46,50.46
4/6/2017,50.52,50.52,50.52,50.52
4/5/2017,50.03,50.03,50.03,50.03
4/4/2017,50.7,50.7,50.7,50.7
4/3/2017,50.83,50.83,50.83,50.83
3/31/2017,51.46,51.46,51.46,51.46
3/30/2017,51.26,51.26,51.26,51.26
3/29/2017,50.79,50.79,50.79,50.79
3/28/2017,50.63,50.63,50.63,50.63
3/27/2017,50.24,50.24,50.24,50.24
3/24/2017,50.21,50.21,50.21,50.21
3/23/2017,50.19,50.19,50.19,50.19
3/22/2017,49.89,49.89,49.89,49.89
3/21/2017,49.89,49.89,49.89,49.89
3/20/2017,51.35,51.35,51.35,51.35
3/17/2017,51.59,51.59,51.59,51.59
3/16/2017,51.44,51.44,51.44,51.44
3/15/2017,51.35,51.35,51.35,51.35
3/14/2017,50.56,50.56,50.56,50.56
3/13/2017,50.81,50.81,50.81,50.81
3/10/2017,50.63,50.63,50.63,50.63
3/9/2017,50.5,50.5,50.5,50.5
3/8/2017,50.72,50.72,50.72,50.72
3/7/2017,50.93,50.93,50.93,50.93
3/6/2017,51.21,51.21,51.21,51.21
3/3/2017,51.69,51.69,51.69,51.69
3/2/2017,51.8,51.8,51.8,51.8
3/1/2017,52.51,52.51,52.51,52.51
2/28/2017,51.29,51.29,51.29,51.29
2/27/2017,52.19,52.19,52.19,52.19
2/24/2017,51.61,51.61,51.61,51.61
2/23/2017,51.55,51.55,51.55,51.55
2/22/2017,51.85,51.85,51.85,51.85
2/21/2017,52.06,52.06,52.06,52.06
2/17/2017,51.71,51.71,51.71,51.71
2/16/2017,51.69,51.69,51.69,51.69
2/15/2017,51.91,51.91,51.91,51.91
2/14/2017,51.58,51.58,51.58,51.58
2/13/2017,51.3,51.3,51.3,51.3
2/10/2017,51.25,51.25,51.25,51.25
2/9/2017,50.88,50.88,50.88,50.88
2/8/2017,49.98,49.98,49.98,49.98
2/7/2017,50.1,50.1,50.1,50.1
2/6/2017,50.34,50.34,50.34,50.34
2/3/2017,50.74,50.74,50.74,50.74
2/2/2017,49.9,49.9,49.9,49.9
2/1/2017,50.1,50.1,50.1,50.1
1/31/2017,49.96,49.96,49.96,49.96
1/30/2017,49.61,49.61,49.61,49.61
1/27/2017,50.29,50.29,50.29,50.29
1/26/2017,50.61,50.61,50.61,50.61
1/25/2017,50.82,50.82,50.82,50.82
1/24/2017,50.32,50.32,50.32,50.32
1/23/2017,49.53,49.53,49.53,49.53
1/20/2017,49.73,49.73,49.73,49.73
1/19/2017,49.55,49.55,49.55,49.55
1/18/2017,50.09,50.09,50.09,50.09
1/17/2017,49.78,49.78,49.78,49.78
1/13/2017,50.6,50.6,50.6,50.6
1/12/2017,50.19,50.19,50.19,50.19
1/11/2017,50.74,50.74,50.74,50.74
1/10/2017,50.7,50.7,50.7,50.7
1/9/2017,50.11,50.11,50.11,50.11
1/6/2017,50.51,50.51,50.51,50.51
1/5/2017,50.6,50.6,50.6,50.6
1/4/2017,51.27,51.27,51.27,51.27
1/3/2017,50.44,50.44,50.44,50.44
12/30/2016,50.19,50.19,50.19,50.19
12/29/2016,50.41,50.41,50.41,50.41
12/28/2016,50.36,50.36,50.36,50.36
12/27/2016,50.96,50.96,50.96,50.96
12/23/2016,50.75,50.75,50.75,50.75
12/22/2016,50.43,50.43,50.43,50.43
12/21/2016,50.86,50.86,50.86,50.86
12/20/2016,51.08,51.08,51.08,51.08
12/19/2016,50.67,50.67,50.67,50.67
12/16/2016,50.42,50.42,50.42,50.42
12/15/2016,50.46,50.46,50.46,50.46
12/14/2016,49.86,49.86,49.86,49.86
12/13/2016,55.64,55.64,55.64,55.64
12/12/2016,55.6,55.6,55.6,55.6
12/9/2016,56.27,56.27,56.27,56.27
12/8/2016,56.06,56.06,56.06,56.06
12/7/2016,55.22,55.22,55.22,55.22
12/6/2016,54.82,54.82,54.82,54.82
12/5/2016,54.23,54.23,54.23,54.23
12/2/2016,53.28,53.28,53.28,53.28
12/1/2016,53.24,53.24,53.24,53.24
11/30/2016,53.64,53.64,53.64,53.64
11/29/2016,54.02,54.02,54.02,54.02
11/28/2016,53.86,53.86,53.86,53.86
11/25/2016,54.56,54.56,54.56,54.56
11/23/2016,54.41,54.41,54.41,54.41
11/22/2016,53.98,53.98,53.98,53.98
11/21/2016,53.44,53.44,53.44,53.44
11/18/2016,53.22,53.22,53.22,53.22
11/17/2016,52.91,52.91,52.91,52.91
11/16/2016,52.54,52.54,52.54,52.54
11/15/2016,52.52,52.52,52.52,52.52
11/14/2016,52.28,52.28,52.28,52.28
11/11/2016,51.57,51.57,51.57,51.57
11/10/2016,50.34,50.34,50.34,50.34
11/9/2016,49.4,49.4,49.4,49.4
11/8/2016,48.05,48.05,48.05,48.05
11/7/2016,47.83,47.83,47.83,47.83
11/4/2016,46.67,46.67,46.67,46.67
11/3/2016,46.5,46.5,46.5,46.5
11/2/2016,46.7,46.7,46.7,46.7
11/1/2016,47.24,47.24,47.24,47.24
10/31/2016,47.74,47.74,47.74,47.74
10/28/2016,47.54,47.54,47.54,47.54
10/27/2016,47.79,47.79,47.79,47.79
10/26/2016,48.37,48.37,48.37,48.37
10/25/2016,48.9,48.9,48.9,48.9
10/24/2016,49.31,49.31,49.31,49.31
10/21/2016,48.86,48.86,48.86,48.86
10/20/2016,48.96,48.96,48.96,48.96
10/19/2016,49.04,49.04,49.04,49.04
10/18/2016,48.89,48.89,48.89,48.89
10/17/2016,48.65,48.65,48.65,48.65
10/14/2016,48.67,48.67,48.67,48.67
10/13/2016,48.83,48.83,48.83,48.83
10/12/2016,49.31,49.31,49.31,49.31
10/11/2016,49.24,49.24,49.24,49.24
10/10/2016,50.26,50.26,50.26,50.26
10/7/2016,49.68,49.68,49.68,49.68
10/6/2016,50.03,50.03,50.03,50.03
10/5/2016,50.17,50.17,50.17,50.17
10/4/2016,49.79,49.79,49.79,49.79
10/3/2016,50.07,50.07,50.07,50.07
9/30/2016,49.93,49.93,49.93,49.93
9/29/2016,49.57,49.57,49.57,49.57
9/28/2016,50.32,50.32,50.32,50.32
9/27/2016,49.86,49.86,49.86,49.86
9/26/2016,49.6,49.6,49.6,49.6
9/23/2016,50.27,50.27,50.27,50.27
9/22/2016,50.57,50.57,50.57,50.57
9/21/2016,49.83,49.83,49.83,49.83
9/20/2016,49.19,49.19,49.19,49.19
9/19/2016,49.41,49.41,49.41,49.41
9/16/2016,49.09,49.09,49.09,49.09
9/15/2016,49.22,49.22,49.22,49.22
9/14/2016,48.49,48.49,48.49,48.49
9/13/2016,48.37,48.37,48.37,48.37
9/12/2016,49.35,49.35,49.35,49.35
9/9/2016,48.69,48.69,48.69,48.69
9/8/2016,50.26,50.26,50.26,50.26
9/7/2016,50.35,50.35,50.35,50.35
9/6/2016,50.01,50.01,50.01,50.01
9/2/2016,50,50,50,50
9/1/2016,49.49,49.49,49.49,49.49
8/31/2016,49.59,49.59,49.59,49.59
8/30/2016,49.81,49.81,49.81,49.81
8/29/2016,49.67,49.67,49.67,49.67
8/26/2016,49.39,49.39,49.39,49.39
8/25/2016,49.4,49.4,49.4,49.4
8/24/2016,49.26,49.26,49.26,49.26
8/23/2016,49.66,49.66,49.66,49.66
8/22/2016,49.27,49.27,49.27,49.27
8/19/2016,49.15,49.15,49.15,49.15
8/18/2016,49.27,49.27,49.27,49.27
8/17/2016,48.95,48.95,48.95,48.95
8/16/2016,49.07,49.07,49.07,49.07
8/15/2016,49.45,49.45,49.45,49.45
8/12/2016,48.88,48.88,48.88,48.88
8/11/2016,48.91,48.91,48.91,48.91
8/10/2016,48.61,48.61,48.61,48.61
8/9/2016,49,49,49,49
8/8/2016,48.95,48.95,48.95,48.95
8/5/2016,49.03,49.03,49.03,49.03
8/4/2016,48.18,48.18,48.18,48.18
8/3/2016,48.22,48.22,48.22,48.22
8/2/2016,47.79,47.79,47.79,47.79
8/1/2016,48.39,48.39,48.39,48.39
7/29/2016,48.5,48.5,48.5,48.5
7/28/2016,48.47,48.47,48.47,48.47
7/27/2016,48.61,48.61,48.61,48.61
7/26/2016,48.5,48.5,48.5,48.5
7/25/2016,48.31,48.31,48.31,48.31
7/22/2016,48.41,48.41,48.41,48.41
7/21/2016,48.08,48.08,48.08,48.08
7/20/2016,48.32,48.32,48.32,48.32
7/19/2016,47.97,47.97,47.97,47.97
7/18/2016,48.23,48.23,48.23,48.23
7/15/2016,48.16,48.16,48.16,48.16
7/14/2016,48.07,48.07,48.07,48.07
7/13/2016,48,48,48,48
7/12/2016,48.14,48.14,48.14,48.14
7/11/2016,47.44,47.44,47.44,47.44
7/8/2016,46.94,46.94,46.94,46.94
7/7/2016,45.9,45.9,45.9,45.9
7/6/2016,45.74,45.74,45.74,45.74
7/5/2016,45.36,45.36,45.36,45.36
7/1/2016,46.14,46.14,46.14,46.14
6/30/2016,45.9,45.9,45.9,45.9
6/29/2016,45.08,45.08,45.08,45.08
6/28/2016,44.15,44.15,44.15,44.15
6/27/2016,43.35,43.35,43.35,43.35
6/24/2016,44.63,44.63,44.63,44.63
6/23/2016,46.54,46.54,46.54,46.54
6/22/2016,45.59,45.59,45.59,45.59
6/21/2016,45.74,45.74,45.74,45.74
6/20/2016,45.91,45.91,45.91,45.91
6/17/2016,45.36,45.36,45.36,45.36
6/16/2016,45.45,45.45,45.45,45.45
6/15/2016,45.48,45.48,45.48,45.48
6/14/2016,45.42,45.42,45.42,45.42
6/13/2016,45.67,45.67,45.67,45.67
6/10/2016,46.21,46.21,46.21,46.21
6/9/2016,46.9,46.9,46.9,46.9
6/8/2016,47.23,47.23,47.23,47.23
6/7/2016,46.87,46.87,46.87,46.87
6/6/2016,46.75,46.75,46.75,46.75
6/3/2016,46.26,46.26,46.26,46.26
6/2/2016,46.48,46.48,46.48,46.48
6/1/2016,46.16,46.16,46.16,46.16
5/31/2016,45.81,45.81,45.81,45.81
5/27/2016,45.65,45.65,45.65,45.65
5/26/2016,45.19,45.19,45.19,45.19
5/25/2016,45.25,45.25,45.25,45.25
5/24/2016,45.07,45.07,45.07,45.07
5/23/2016,44.15,44.15,44.15,44.15
5/20/2016,44.22,44.22,44.22,44.22
5/19/2016,43.53,43.53,43.53,43.53
5/18/2016,43.8,43.8,43.8,43.8
5/17/2016,43.55,43.55,43.55,43.55
5/16/2016,44.25,44.25,44.25,44.25
5/13/2016,43.71,43.71,43.71,43.71
5/12/2016,43.94,43.94,43.94,43.94
5/11/2016,44.31,44.31,44.31,44.31
5/10/2016,44.87,44.87,44.87,44.87
5/9/2016,44.4,44.4,44.4,44.4
5/6/2016,44.29,44.29,44.29,44.29
5/5/2016,43.86,43.86,43.86,43.86
5/4/2016,44.01,44.01,44.01,44.01
5/3/2016,44.36,44.36,44.36,44.36
5/2/2016,45.24,45.24,45.24,45.24
4/29/2016,44.9,44.9,44.9,44.9
4/28/2016,45.49,45.49,45.49,45.49
4/27/2016,45.98,45.98,45.98,45.98
4/26/2016,45.79,45.79,45.79,45.79
4/25/2016,45.23,45.23,45.23,45.23
4/22/2016,45.69,45.69,45.69,45.69
4/21/2016,45.27,45.27,45.27,45.27
4/20/2016,45.6,45.6,45.6,45.6
4/19/2016,45.47,45.47,45.47,45.47
4/18/2016,45.37,45.37,45.37,45.37
4/15/2016,45.07,45.07,45.07,45.07
4/14/2016,44.92,44.92,44.92,44.92
4/13/2016,45.09,45.09,45.09,45.09
4/12/2016,43.96,43.96,43.96,43.96
4/11/2016,43.44,43.44,43.44,43.44
4/8/2016,43.6,43.6,43.6,43.6
4/7/2016,43.32,43.32,43.32,43.32
4/6/2016,43.98,43.98,43.98,43.98
4/5/2016,43.48,43.48,43.48,43.48
4/4/2016,44.02,44.02,44.02,44.02
4/1/2016,44.37,44.37,44.37,44.37
3/31/2016,44.37,44.37,44.37,44.37
3/30/2016,44.04,44.04,44.04,44.04
3/29/2016,43.98,43.98,43.98,43.98
3/28/2016,42.71,42.71,42.71,42.71
3/24/2016,42.79,42.79,42.79,42.79
3/23/2016,42.69,42.69,42.69,42.69
3/22/2016,43.64,43.64,43.64,43.64
3/21/2016,43.65,43.65,43.65,43.65
3/18/2016,43.75,43.75,43.75,43.75
3/17/2016,43.24,43.24,43.24,43.24
3/16/2016,42.61,42.61,42.61,42.61
3/15/2016,42.27,42.27,42.27,42.27
3/14/2016,42.97,42.97,42.97,42.97
3/11/2016,43.2,43.2,43.2,43.2
3/10/2016,42.06,42.06,42.06,42.06
3/9/2016,42.69,42.69,42.69,42.69
3/8/2016,42.5,42.5,42.5,42.5
3/7/2016,43.69,43.69,43.69,43.69
3/4/2016,43.16,43.16,43.16,43.16
3/3/2016,43.06,43.06,43.06,43.06
3/2/2016,42.5,42.5,42.5,42.5
3/1/2016,42,42,42,42
2/29/2016,41.14,41.14,41.14,41.14
2/26/2016,41.31,41.31,41.31,41.31
2/25/2016,41.05,41.05,41.05,41.05
2/24/2016,40.67,40.67,40.67,40.67
2/23/2016,40.25,40.25,40.25,40.25
2/22/2016,40.67,40.67,40.67,40.67
2/19/2016,40.09,40.09,40.09,40.09
2/18/2016,39.98,39.98,39.98,39.98
2/17/2016,40.24,40.24,40.24,40.24
2/16/2016,39.69,39.69,39.69,39.69
2/12/2016,38.8,38.8,38.8,38.8
2/11/2016,37.91,37.91,37.91,37.91
2/10/2016,38.45,38.45,38.45,38.45
2/9/2016,38.39,38.39,38.39,38.39
2/8/2016,38.59,38.59,38.59,38.59
2/5/2016,39.43,39.43,39.43,39.43
2/4/2016,40.55,40.55,40.55,40.55
2/3/2016,40.41,40.41,40.41,40.41
2/2/2016,40.45,40.45,40.45,40.45
2/1/2016,41.41,41.41,41.41,41.41
1/29/2016,41.46,41.46,41.46,41.46
1/28/2016,40.14,40.14,40.14,40.14
1/27/2016,40.29,40.29,40.29,40.29
1/26/2016,40.89,40.89,40.89,40.89
1/25/2016,39.92,39.92,39.92,39.92
1/22/2016,40.86,40.86,40.86,40.86
1/21/2016,39.91,39.91,39.91,39.91
1/20/2016,40.02,40.02,40.02,40.02
1/19/2016,39.73,39.73,39.73,39.73
1/15/2016,40.39,40.39,40.39,40.39
1/14/2016,41.11,41.11,41.11,41.11
1/13/2016,40.52,40.52,40.52,40.52
1/12/2016,42.02,42.02,42.02,42.02
1/11/2016,41.97,41.97,41.97,41.97
1/8/2016,42.19,42.19,42.19,42.19
1/7/2016,42.92,42.92,42.92,42.92
1/6/2016,44.34,44.34,44.34,44.34
1/5/2016,45.04,45.04,45.04,45.04
1/4/2016,44.99,44.99,44.99,44.99
12/31/2015,46.13,46.13,46.13,46.13
12/30/2015,46.62,46.62,46.62,46.62
12/29/2015,47.13,47.13,47.13,47.13
12/28/2015,46.6,46.6,46.6,46.6
12/24/2015,46.82,46.82,46.82,46.82
12/23/2015,46.66,46.66,46.66,46.66
12/22/2015,45.9,45.9,45.9,45.9
12/21/2015,45.69,45.69,45.69,45.69
12/18/2015,45.4,45.4,45.4,45.4
12/17/2015,46.05,46.05,46.05,46.05
12/16/2015,46.43,46.43,46.43,46.43
12/15/2015,45.68,45.68,45.68,45.68
12/14/2015,44.97,44.97,44.97,44.97
12/11/2015,45.36,45.36,45.36,45.36
12/10/2015,51.71,51.71,51.71,51.71
12/9/2015,51.51,51.51,51.51,51.51
12/8/2015,52.21,52.21,52.21,52.21
12/7/2015,52.41,52.41,52.41,52.41
12/4/2015,53.52,53.52,53.52,53.52
12/3/2015,53.01,53.01,53.01,53.01
12/2/2015,53.96,53.96,53.96,53.96
12/1/2015,54.54,54.54,54.54,54.54
11/30/2015,54.19,54.19,54.19,54.19
11/27/2015,54.34,54.34,54.34,54.34
11/25/2015,54.08,54.08,54.08,54.08
11/24/2015,53.6,53.6,53.6,53.6
11/23/2015,53.16,53.16,53.16,53.16
11/20/2015,52.88,52.88,52.88,52.88
11/19/2015,52.42,52.42,52.42,52.42
11/18/2015,52.86,52.86,52.86,52.86
11/17/2015,51.98,51.98,51.98,51.98
11/16/2015,52.19,52.19,52.19,52.19
11/13/2015,51.93,51.93,51.93,51.93
11/12/2015,52.28,52.28,52.28,52.28
11/11/2015,53.3,53.3,53.3,53.3
11/10/2015,53.84,53.84,53.84,53.84
11/9/2015,53.76,53.76,53.76,53.76
11/6/2015,54.53,54.53,54.53,54.53
11/5/2015,54.03,54.03,54.03,54.03
11/4/2015,54.05,54.05,54.05,54.05
11/3/2015,54.14,54.14,54.14,54.14
11/2/2015,53.75,53.75,53.75,53.75
10/30/2015,52.57,52.57,52.57,52.57
10/29/2015,52.72,52.72,52.72,52.72
10/28/2015,53.42,53.42,53.42,53.42
10/27/2015,51.88,51.88,51.88,51.88
10/26/2015,52.35,52.35,52.35,52.35
10/23/2015,52.68,52.68,52.68,52.68
10/22/2015,52.14,52.14,52.14,52.14
10/21/2015,51.64,51.64,51.64,51.64
10/20/2015,52.54,52.54,52.54,52.54
10/19/2015,52.53,52.53,52.53,52.53
10/16/2015,52.41,52.41,52.41,52.41
10/15/2015,52.51,52.51,52.51,52.51
10/14/2015,51.32,51.32,51.32,51.32
10/13/2015,51.75,51.75,51.75,51.75
10/12/2015,52.39,52.39,52.39,52.39
10/9/2015,52.4,52.4,52.4,52.4
10/8/2015,52.24,52.24,52.24,52.24
10/7/2015,51.82,51.82,51.82,51.82
10/6/2015,50.95,50.95,50.95,50.95
10/5/2015,51.37,51.37,51.37,51.37
10/2/2015,50.09,50.09,50.09,50.09
10/1/2015,49.41,49.41,49.41,49.41
9/30/2015,49.54,49.54,49.54,49.54
9/29/2015,48.68,48.68,48.68,48.68
9/28/2015,48.9,48.9,48.9,48.9
9/25/2015,50.51,50.51,50.51,50.51
9/24/2015,51.18,51.18,51.18,51.18
9/23/2015,51.27,51.27,51.27,51.27
9/22/2015,51.4,51.4,51.4,51.4
9/21/2015,52.36,52.36,52.36,52.36
9/18/2015,52.38,52.38,52.38,52.38
9/17/2015,53.23,53.23,53.23,53.23
9/16/2015,53.09,53.09,53.09,53.09
9/15/2015,52.72,52.72,52.72,52.72
9/14/2015,52.12,52.12,52.12,52.12
9/11/2015,52.26,52.26,52.26,52.26
9/10/2015,52.06,52.06,52.06,52.06
9/9/2015,51.79,51.79,51.79,51.79
9/8/2015,52.19,52.19,52.19,52.19
9/4/2015,51.01,51.01,51.01,51.01
9/3/2015,51.49,51.49,51.49,51.49
9/2/2015,51.48,51.48,51.48,51.48
9/1/2015,50.63,50.63,50.63,50.63
8/31/2015,52.12,52.12,52.12,52.12
8/28/2015,52.32,52.32,52.32,52.32
8/27/2015,51.83,51.83,51.83,51.83
8/26/2015,50.73,50.73,50.73,50.73
8/25/2015,49.47,49.47,49.47,49.47
8/24/2015,49.86,49.86,49.86,49.86
8/21/2015,52.05,52.05,52.05,52.05
8/20/2015,52.82,52.82,52.82,52.82
8/19/2015,54.37,54.37,54.37,54.37
8/18/2015,54.98,54.98,54.98,54.98
8/17/2015,55.42,55.42,55.42,55.42
8/14/2015,54.89,54.89,54.89,54.89
8/13/2015,54.54,54.54,54.54,54.54
8/12/2015,54.68,54.68,54.68,54.68
8/11/2015,54.79,54.79,54.79,54.79
8/10/2015,55.32,55.32,55.32,55.32
8/7/2015,54.57,54.57,54.57,54.57
8/6/2015,54.85,54.85,54.85,54.85
8/5/2015,55.57,55.57,55.57,55.57
8/4/2015,55.24,55.24,55.24,55.24
8/3/2015,55.39,55.39,55.39,55.39
7/31/2015,55.73,55.73,55.73,55.73
7/30/2015,55.45,55.45,55.45,55.45
7/29/2015,55.29,55.29,55.29,55.29
7/28/2015,54.99,54.99,54.99,54.99
7/27/2015,54.52,54.52,54.52,54.52
7/24/2015,55.07,55.07,55.07,55.07
7/23/2015,55.96,55.96,55.96,55.96
7/22/2015,56.53,56.53,56.53,56.53
7/21/2015,56.36,56.36,56.36,56.36
7/20/2015,56.64,56.64,56.64,56.64
7/17/2015,56.97,56.97,56.97,56.97
7/16/2015,57.22,57.22,57.22,57.22
7/15/2015,56.89,56.89,56.89,56.89
7/14/2015,57.28,57.28,57.28,57.28
7/13/2015,56.84,56.84,56.84,56.84
7/10/2015,56.23,56.23,56.23,56.23
7/9/2015,55.42,55.42,55.42,55.42
7/8/2015,55.13,55.13,55.13,55.13
7/7/2015,56.09,56.09,56.09,56.09
7/6/2015,56.08,56.08,56.08,56.08
7/2/2015,56.22,56.22,56.22,56.22
7/1/2015,56.4,56.4,56.4,56.4
6/30/2015,56.18,56.18,56.18,56.18
6/29/2015,55.83,55.83,55.83,55.83
6/26/2015,57.41,57.41,57.41,57.41
6/25/2015,57.62,57.62,57.62,57.62
6/24/2015,57.73,57.73,57.73,57.73
6/23/2015,58.37,58.37,58.37,58.37
6/22/2015,58.18,58.18,58.18,58.18
6/19/2015,57.81,57.81,57.81,57.81
6/18/2015,57.7,57.7,57.7,57.7
6/17/2015,57.05,57.05,57.05,57.05
6/16/2015,57.23,57.23,57.23,57.23
6/15/2015,56.93,56.93,56.93,56.93
6/12/2015,57.1,57.1,57.1,57.1
6/11/2015,57.24,57.24,57.24,57.24
6/10/2015,57.08,57.08,57.08,57.08
6/9/2015,56.25,56.25,56.25,56.25
6/8/2015,56.45,56.45,56.45,56.45
6/5/2015,56.92,56.92,56.92,56.92
6/4/2015,56.42,56.42,56.42,56.42
6/3/2015,57.03,57.03,57.03,57.03
6/2/2015,56.46,56.46,56.46,56.46
6/1/2015,56.4,56.4,56.4,56.4
5/29/2015,56.29,56.29,56.29,56.29
5/28/2015,56.6,56.6,56.6,56.6
5/27/2015,56.65,56.65,56.65,56.65
5/26/2015,55.99,55.99,55.99,55.99
5/22/2015,56.59,56.59,56.59,56.59
5/21/2015,56.79,56.79,56.79,56.79
5/20/2015,56.8,56.8,56.8,56.8
5/19/2015,56.75,56.75,56.75,56.75
5/18/2015,56.72,56.72,56.72,56.72
5/15/2015,56.22,56.22,56.22,56.22
5/14/2015,56.21,56.21,56.21,56.21
5/13/2015,55.75,55.75,55.75,55.75
5/12/2015,55.7,55.7,55.7,55.7
5/11/2015,55.91,55.91,55.91,55.91
5/8/2015,55.89,55.89,55.89,55.89
5/7/2015,55.32,55.32,55.32,55.32
5/6/2015,54.99,54.99,54.99,54.99
5/5/2015,54.7,54.7,54.7,54.7
5/4/2015,55.57,55.57,55.57,55.57
5/1/2015,55.38,55.38,55.38,55.38
4/30/2015,54.92,54.92,54.92,54.92
4/29/2015,56.13,56.13,56.13,56.13
4/28/2015,56.58,56.58,56.58,56.58
4/27/2015,56.25,56.25,56.25,56.25
4/24/2015,57.06,57.06,57.06,57.06
4/23/2015,57.14,57.14,57.14,57.14
4/22/2015,56.91,56.91,56.91,56.91
4/21/2015,56.82,56.82,56.82,56.82
4/20/2015,56.87,56.87,56.87,56.87
4/17/2015,56.27,56.27,56.27,56.27
4/16/2015,57.19,57.19,57.19,57.19
4/15/2015,57.21,57.21,57.21,57.21
4/14/2015,56.75,56.75,56.75,56.75
4/13/2015,56.84,56.84,56.84,56.84
4/10/2015,56.88,56.88,56.88,56.88
4/9/2015,56.63,56.63,56.63,56.63
4/8/2015,56.88,56.88,56.88,56.88
4/7/2015,56.42,56.42,56.42,56.42
4/6/2015,56.77,56.77,56.77,56.77
4/2/2015,56.6,56.6,56.6,56.6
4/1/2015,56.45,56.45,56.45,56.45
3/31/2015,56.48,56.48,56.48,56.48
3/30/2015,56.67,56.67,56.67,56.67
3/27/2015,55.73,55.73,55.73,55.73
3/26/2015,55.34,55.34,55.34,55.34
3/25/2015,55.49,55.49,55.49,55.49
3/24/2015,56.9,56.9,56.9,56.9
3/23/2015,56.93,56.93,56.93,56.93
3/20/2015,57.04,57.04,57.04,57.04
3/19/2015,56.57,56.57,56.57,56.57
3/18/2015,56.42,56.42,56.42,56.42
3/17/2015,55.93,55.93,55.93,55.93
3/16/2015,55.79,55.79,55.79,55.79
3/13/2015,55.45,55.45,55.45,55.45
3/12/2015,55.53,55.53,55.53,55.53
3/11/2015,54.6,54.6,54.6,54.6
3/10/2015,54.2,54.2,54.2,54.2
3/9/2015,54.9,54.9,54.9,54.9
3/6/2015,54.65,54.65,54.65,54.65
3/5/2015,55.29,55.29,55.29,55.29
3/4/2015,55.1,55.1,55.1,55.1
3/3/2015,55.28,55.28,55.28,55.28
3/2/2015,55.66,55.66,55.66,55.66
2/27/2015,55.14,55.14,55.14,55.14
2/26/2015,55.41,55.41,55.41,55.41
2/25/2015,55.38,55.38,55.38,55.38
2/24/2015,55.32,55.32,55.32,55.32
2/23/2015,55.24,55.24,55.24,55.24
2/20/2015,55.23,55.23,55.23,55.23
2/19/2015,55.03,55.03,55.03,55.03
2/18/2015,55.06,55.06,55.06,55.06
2/17/2015,54.9,54.9,54.9,54.9
2/13/2015,54.82,54.82,54.82,54.82
2/12/2015,54.46,54.46,54.46,54.46
2/11/2015,53.79,53.79,53.79,53.79
2/10/2015,53.93,53.93,53.93,53.93
2/9/2015,53.52,53.52,53.52,53.52
2/6/2015,53.84,53.84,53.84,53.84
2/5/2015,53.98,53.98,53.98,53.98
2/4/2015,53.27,53.27,53.27,53.27
2/3/2015,53.53,53.53,53.53,53.53
2/2/2015,52.54,52.54,52.54,52.54
1/30/2015,52.12,52.12,52.12,52.12
1/29/2015,53.54,53.54,53.54,53.54
1/28/2015,52.92,52.92,52.92,52.92
1/27/2015,54,54,54,54
1/26/2015,54.27,54.27,54.27,54.27
1/23/2015,53.69,53.69,53.69,53.69
1/22/2015,53.71,53.71,53.71,53.71
1/21/2015,52.63,52.63,52.63,52.63
1/20/2015,52.82,52.82,52.82,52.82
1/16/2015,53.24,53.24,53.24,53.24
1/15/2015,52.19,52.19,52.19,52.19
1/14/2015,53.21,53.21,53.21,53.21
1/13/2015,53.4,53.4,53.4,53.4
1/12/2015,53.42,53.42,53.42,53.42
1/9/2015,53.66,53.66,53.66,53.66
1/8/2015,54.04,54.04,54.04,54.04
1/7/2015,53.13,53.13,53.13,53.13
1/6/2015,52.48,52.48,52.48,52.48
1/5/2015,53.36,53.36,53.36,53.36
1/2/2015,54.1,54.1,54.1,54.1
12/31/2014,54.32,54.32,54.32,54.32
12/30/2014,54.74,54.74,54.74,54.74
12/29/2014,54.95,54.95,54.95,54.95
12/26/2014,54.71,54.71,54.71,54.71
12/24/2014,54.3,54.3,54.3,54.3
12/23/2014,54.09,54.09,54.09,54.09
12/22/2014,54.06,54.06,54.06,54.06
12/19/2014,53.74,53.74,53.74,53.74
12/18/2014,53.65,53.65,53.65,53.65
12/17/2014,52.76,52.76,52.76,52.76
12/16/2014,51.07,51.07,51.07,51.07
12/15/2014,51.12,51.12,51.12,51.12
12/12/2014,51.63,51.63,51.63,51.63
12/11/2014,58.32,58.32,58.32,58.32
12/10/2014,58.05,58.05,58.05,58.05
12/9/2014,59.23,59.23,59.23,59.23
12/8/2014,58.19,58.19,58.19,58.19
12/5/2014,58.92,58.92,58.92,58.92
12/4/2014,58.45,58.45,58.45,58.45
12/3/2014,58.74,58.74,58.74,58.74
12/2/2014,57.97,57.97,57.97,57.97
12/1/2014,57.26,57.26,57.26,57.26
11/28/2014,58.35,58.35,58.35,58.35
11/26/2014,59.14,59.14,59.14,59.14
11/25/2014,58.98,58.98,58.98,58.98
11/24/2014,59.06,59.06,59.06,59.06
11/21/2014,58.41,58.41,58.41,58.41
11/20/2014,58.36,58.36,58.36,58.36
11/19/2014,57.69,57.69,57.69,57.69
11/18/2014,58.16,58.16,58.16,58.16
11/17/2014,57.74,57.74,57.74,57.74
11/14/2014,57.97,57.97,57.97,57.97
11/13/2014,58,58,58,58
11/12/2014,58.61,58.61,58.61,58.61
11/11/2014,58.35,58.35,58.35,58.35
11/10/2014,58.41,58.41,58.41,58.41
11/7/2014,58.15,58.15,58.15,58.15
11/6/2014,57.98,57.98,57.98,57.98
11/5/2014,57.71,57.71,57.71,57.71
11/4/2014,57.68,57.68,57.68,57.68
11/3/2014,57.84,57.84,57.84,57.84
10/31/2014,57.91,57.91,57.91,57.91
10/30/2014,56.84,56.84,56.84,56.84
10/29/2014,56.39,56.39,56.39,56.39
10/28/2014,56.4,56.4,56.4,56.4
10/27/2014,54.62,54.62,54.62,54.62
10/24/2014,54.62,54.62,54.62,54.62
10/23/2014,54.48,54.48,54.48,54.48
10/22/2014,53.49,53.49,53.49,53.49
10/21/2014,54.11,54.11,54.11,54.11
10/20/2014,53.13,53.13,53.13,53.13
10/17/2014,52.39,52.39,52.39,52.39
10/16/2014,52.41,52.41,52.41,52.41
10/15/2014,51.86,51.86,51.86,51.86
10/14/2014,51.48,51.48,51.48,51.48
10/13/2014,51.06,51.06,51.06,51.06
10/10/2014,51.48,51.48,51.48,51.48
10/9/2014,52.28,52.28,52.28,52.28
10/8/2014,53.75,53.75,53.75,53.75
10/7/2014,52.81,52.81,52.81,52.81
10/6/2014,53.69,53.69,53.69,53.69
10/3/2014,54.4,54.4,54.4,54.4
10/2/2014,53.91,53.91,53.91,53.91
10/1/2014,53.42,53.42,53.42,53.42
9/30/2014,54.34,54.34,54.34,54.34
9/29/2014,55.21,55.21,55.21,55.21
9/26/2014,55.24,55.24,55.24,55.24
9/25/2014,54.62,54.62,54.62,54.62
9/24/2014,55.53,55.53,55.53,55.53
9/23/2014,55.01,55.01,55.01,55.01
9/22/2014,55.56,55.56,55.56,55.56
9/19/2014,56.55,56.55,56.55,56.55
9/18/2014,57.17,57.17,57.17,57.17
9/17/2014,56.91,56.91,56.91,56.91
9/16/2014,56.9,56.9,56.9,56.9
9/15/2014,56.59,56.59,56.59,56.59
9/12/2014,57.31,57.31,57.31,57.31
9/11/2014,57.95,57.95,57.95,57.95
9/10/2014,57.65,57.65,57.65,57.65
9/9/2014,57.35,57.35,57.35,57.35
9/8/2014,58.02,58.02,58.02,58.02
9/5/2014,57.97,57.97,57.97,57.97
9/4/2014,57.73,57.73,57.73,57.73
9/3/2014,58.07,58.07,58.07,58.07
9/2/2014,58.33,58.33,58.33,58.33
8/29/2014,57.97,57.97,57.97,57.97
8/28/2014,57.57,57.57,57.57,57.57
8/27/2014,57.87,57.87,57.87,57.87
8/26/2014,57.87,57.87,57.87,57.87
8/25/2014,57.53,57.53,57.53,57.53
8/22/2014,57.3,57.3,57.3,57.3
8/21/2014,57.2,57.2,57.2,57.2
8/20/2014,57.14,57.14,57.14,57.14
8/19/2014,57.35,57.35,57.35,57.35
8/18/2014,57.21,57.21,57.21,57.21
8/15/2014,56.33,56.33,56.33,56.33
8/14/2014,56.44,56.44,56.44,56.44
8/13/2014,56.28,56.28,56.28,56.28
8/12/2014,55.72,55.72,55.72,55.72
8/11/2014,56.1,56.1,56.1,56.1
8/8/2014,55.43,55.43,55.43,55.43
8/7/2014,54.93,54.93,54.93,54.93
8/6/2014,55.2,55.2,55.2,55.2
8/5/2014,55.08,55.08,55.08,55.08
8/4/2014,55.3,55.3,55.3,55.3
8/1/2014,54.88,54.88,54.88,54.88
7/31/2014,55.09,55.09,55.09,55.09
7/30/2014,56.64,56.64,56.64,56.64
7/29/2014,56.41,56.41,56.41,56.41
7/28/2014,56.49,56.49,56.49,56.49
7/25/2014,56.71,56.71,56.71,56.71
7/24/2014,57.29,57.29,57.29,57.29
7/23/2014,57.48,57.48,57.48,57.48
7/22/2014,57.56,57.56,57.56,57.56
7/21/2014,56.99,56.99,56.99,56.99
7/18/2014,57.26,57.26,57.26,57.26
7/17/2014,56.27,56.27,56.27,56.27
7/16/2014,57.23,57.23,57.23,57.23
7/15/2014,57.32,57.32,57.32,57.32
7/14/2014,57.88,57.88,57.88,57.88
7/11/2014,57.56,57.56,57.56,57.56
7/10/2014,57.6,57.6,57.6,57.6
7/9/2014,58.18,58.18,58.18,58.18
7/8/2014,57.99,57.99,57.99,57.99
7/7/2014,58.68,58.68,58.68,58.68
7/3/2014,59.62,59.62,59.62,59.62
7/2/2014,59.2,59.2,59.2,59.2
7/1/2014,59.38,59.38,59.38,59.38
6/30/2014,58.7,58.7,58.7,58.7
6/27/2014,58.44,58.44,58.44,58.44
6/26/2014,58.14,58.14,58.14,58.14
6/25/2014,58.19,58.19,58.19,58.19
6/24/2014,57.63,57.63,57.63,57.63
6/23/2014,58.22,58.22,58.22,58.22
6/20/2014,58.39,58.39,58.39,58.39
6/19/2014,58.06,58.06,58.06,58.06
6/18/2014,58.07,58.07,58.07,58.07
6/17/2014,57.72,57.72,57.72,57.72
6/16/2014,57.21,57.21,57.21,57.21
6/13/2014,56.86,56.86,56.86,56.86
6/12/2014,56.66,56.66,56.66,56.66
6/11/2014,57.07,57.07,57.07,57.07
6/10/2014,57.34,57.34,57.34,57.34
6/9/2014,57.48,57.48,57.48,57.48
6/6/2014,57.06,57.06,57.06,57.06
6/5/2014,56.59,56.59,56.59,56.59
6/4/2014,55.59,55.59,55.59,55.59
6/3/2014,55.29,55.29,55.29,55.29
6/2/2014,55.37,55.37,55.37,55.37
5/30/2014,55.46,55.46,55.46,55.46
5/29/2014,55.66,55.66,55.66,55.66
5/28/2014,55.42,55.42,55.42,55.42
5/27/2014,55.62,55.62,55.62,55.62
5/23/2014,54.83,54.83,54.83,54.83
5/22/2014,54.21,54.21,54.21,54.21
5/21/2014,53.72,53.72,53.72,53.72
5/20/2014,53.44,53.44,53.44,53.44
5/19/2014,54.23,54.23,54.23,54.23
5/16/2014,53.59,53.59,53.59,53.59
5/15/2014,53.27,53.27,53.27,53.27
5/14/2014,53.66,53.66,53.66,53.66
5/13/2014,54.53,54.53,54.53,54.53
5/12/2014,55,55,55,55
5/9/2014,53.69,53.69,53.69,53.69
5/8/2014,53.24,53.24,53.24,53.24
5/7/2014,53.95,53.95,53.95,53.95
5/6/2014,53.85,53.85,53.85,53.85
5/5/2014,54.72,54.72,54.72,54.72
5/2/2014,54.81,54.81,54.81,54.81
5/1/2014,54.61,54.61,54.61,54.61
4/30/2014,54.52,54.52,54.52,54.52
4/29/2014,54.26,54.26,54.26,54.26
4/28/2014,54.31,54.31,54.31,54.31
4/25/2014,54.54,54.54,54.54,54.54
4/24/2014,55.43,55.43,55.43,55.43
4/23/2014,55.54,55.54,55.54,55.54
4/22/2014,55.77,55.77,55.77,55.77
4/21/2014,54.95,54.95,54.95,54.95
4/17/2014,54.73,54.73,54.73,54.73
4/16/2014,54.44,54.44,54.44,54.44
4/15/2014,53.83,53.83,53.83,53.83
4/14/2014,53.66,53.66,53.66,53.66
4/11/2014,53.41,53.41,53.41,53.41
4/10/2014,54.28,54.28,54.28,54.28
4/9/2014,55.61,55.61,55.61,55.61
4/8/2014,54.82,54.82,54.82,54.82
4/7/2014,54.42,54.42,54.42,54.42
4/4/2014,55.33,55.33,55.33,55.33
4/3/2014,56.6,56.6,56.6,56.6
4/2/2014,57.08,57.08,57.08,57.08
4/1/2014,56.81,56.81,56.81,56.81
3/31/2014,55.99,55.99,55.99,55.99
3/28/2014,55,55,55,55
3/27/2014,54.87,54.87,54.87,54.87
3/26/2014,55.09,55.09,55.09,55.09
3/25/2014,56.13,56.13,56.13,56.13
3/24/2014,56.1,56.1,56.1,56.1
3/21/2014,56.85,56.85,56.85,56.85
3/20/2014,57.13,57.13,57.13,57.13
3/19/2014,56.93,56.93,56.93,56.93
3/18/2014,57.31,57.31,57.31,57.31
3/17/2014,56.51,56.51,56.51,56.51
3/14/2014,56.13,56.13,56.13,56.13
3/13/2014,55.88,55.88,55.88,55.88
3/12/2014,56.66,56.66,56.66,56.66
3/11/2014,56.39,56.39,56.39,56.39
3/10/2014,57.08,57.08,57.08,57.08
3/7/2014,57.19,57.19,57.19,57.19
3/6/2014,57.19,57.19,57.19,57.19
3/5/2014,57.35,57.35,57.35,57.35
3/4/2014,57.41,57.41,57.41,57.41
3/3/2014,55.92,55.92,55.92,55.92
2/28/2014,56.15,56.15,56.15,56.15
2/27/2014,56.47,56.47,56.47,56.47
2/26/2014,56.1,56.1,56.1,56.1
2/25/2014,55.89,55.89,55.89,55.89
2/24/2014,55.86,55.86,55.86,55.86
2/21/2014,55.46,55.46,55.46,55.46
2/20/2014,55.44,55.44,55.44,55.44
2/19/2014,54.74,54.74,54.74,54.74
2/18/2014,55.21,55.21,55.21,55.21
2/14/2014,54.53,54.53,54.53,54.53
2/13/2014,54.44,54.44,54.44,54.44
2/12/2014,53.66,53.66,53.66,53.66
2/11/2014,53.56,53.56,53.56,53.56
2/10/2014,53.24,53.24,53.24,53.24
2/7/2014,53.1,53.1,53.1,53.1
2/6/2014,52.52,52.52,52.52,52.52
2/5/2014,52,52,52,52
2/4/2014,52.3,52.3,52.3,52.3
2/3/2014,51.98,51.98,51.98,51.98
1/31/2014,53.71,53.71,53.71,53.71
1/30/2014,54.22,54.22,54.22,54.22
1/29/2014,53.45,53.45,53.45,53.45
1/28/2014,54.19,54.19,54.19,54.19
1/27/2014,53.58,53.58,53.58,53.58
1/24/2014,54.26,54.26,54.26,54.26
1/23/2014,55.73,55.73,55.73,55.73
1/22/2014,56.13,56.13,56.13,56.13
1/21/2014,55.81,55.81,55.81,55.81
1/17/2014,55.38,55.38,55.38,55.38
1/16/2014,55.67,55.67,55.67,55.67
1/15/2014,55.65,55.65,55.65,55.65
1/14/2014,55.26,55.26,55.26,55.26
1/13/2014,54.61,54.61,54.61,54.61
1/10/2014,55.38,55.38,55.38,55.38
1/9/2014,55.22,55.22,55.22,55.22
1/8/2014,55.2,55.2,55.2,55.2
1/7/2014,55.22,55.22,55.22,55.22
1/6/2014,54.61,54.61,54.61,54.61
1/3/2014,55.16,55.16,55.16,55.16
1/2/2014,54.8,54.8,54.8,54.8
12/31/2013,55.35,55.35,55.35,55.35
12/30/2013,55.19,55.19,55.19,55.19
12/27/2013,55.17,55.17,55.17,55.17
12/26/2013,55.29,55.29,55.29,55.29
12/24/2013,55.31,55.31,55.31,55.31
12/23/2013,55.07,55.07,55.07,55.07
12/20/2013,54.55,54.55,54.55,54.55
12/19/2013,53.91,53.91,53.91,53.91
12/18/2013,54.17,54.17,54.17,54.17
12/17/2013,53.56,53.56,53.56,53.56
12/16/2013,53.58,53.58,53.58,53.58
12/13/2013,52.93,52.93,52.93,52.93
12/12/2013,52.78,52.78,52.78,52.78
12/11/2013,55.45,55.45,55.45,55.45
12/10/2013,56.4,56.4,56.4,56.4
12/9/2013,56.77,56.77,56.77,56.77
12/6/2013,56.94,56.94,56.94,56.94
12/5/2013,56.45,56.45,56.45,56.45
12/4/2013,56.47,56.47,56.47,56.47
12/3/2013,56.54,56.54,56.54,56.54
12/2/2013,56.79,56.79,56.79,56.79
11/29/2013,57.31,57.31,57.31,57.31
11/27/2013,57.2,57.2,57.2,57.2
11/26/2013,56.84,56.84,56.84,56.84
11/25/2013,56.44,56.44,56.44,56.44
11/22/2013,56.44,56.44,56.44,56.44
11/21/2013,56.15,56.15,56.15,56.15
11/20/2013,55.17,55.17,55.17,55.17
11/19/2013,55.28,55.28,55.28,55.28
11/18/2013,55.59,55.59,55.59,55.59
11/15/2013,56.08,56.08,56.08,56.08
11/14/2013,55.86,55.86,55.86,55.86
11/13/2013,55.82,55.82,55.82,55.82
11/12/2013,55.04,55.04,55.04,55.04
11/11/2013,55.01,55.01,55.01,55.01
11/8/2013,54.76,54.76,54.76,54.76
11/7/2013,53.7,53.7,53.7,53.7
11/6/2013,54.64,54.64,54.64,54.64
11/5/2013,54.98,54.98,54.98,54.98
11/4/2013,55.29,55.29,55.29,55.29
11/1/2013,54.73,54.73,54.73,54.73
10/31/2013,54.85,54.85,54.85,54.85
10/30/2013,55.14,55.14,55.14,55.14
10/29/2013,55.75,55.75,55.75,55.75
10/28/2013,55.59,55.59,55.59,55.59
10/25/2013,55.63,55.63,55.63,55.63
10/24/2013,55.63,55.63,55.63,55.63
10/23/2013,55.36,55.36,55.36,55.36
10/22/2013,55.56,55.56,55.56,55.56
10/21/2013,55.33,55.33,55.33,55.33
10/18/2013,55.29,55.29,55.29,55.29
10/17/2013,54.81,54.81,54.81,54.81
10/16/2013,54.3,54.3,54.3,54.3
10/15/2013,53.52,53.52,53.52,53.52
10/14/2013,54,54,54,54
10/11/2013,53.68,53.68,53.68,53.68
10/10/2013,53,53,53,53
10/9/2013,51.64,51.64,51.64,51.64
10/8/2013,51.78,51.78,51.78,51.78
10/7/2013,52.7,52.7,52.7,52.7
10/4/2013,53.46,53.46,53.46,53.46
10/3/2013,53.16,53.16,53.16,53.16
10/2/2013,53.73,53.73,53.73,53.73
10/1/2013,54.02,54.02,54.02,54.02
9/30/2013,53.07,53.07,53.07,53.07
9/27/2013,53.13,53.13,53.13,53.13
9/26/2013,53.33,53.33,53.33,53.33
9/25/2013,53.05,53.05,53.05,53.05
9/24/2013,53.11,53.11,53.11,53.11
9/23/2013,52.82,52.82,52.82,52.82
9/20/2013,52.83,52.83,52.83,52.83
9/19/2013,52.99,52.99,52.99,52.99
9/18/2013,52.87,52.87,52.87,52.87
9/17/2013,52.5,52.5,52.5,52.5
9/16/2013,52.04,52.04,52.04,52.04
9/13/2013,51.91,51.91,51.91,51.91
9/12/2013,51.63,51.63,51.63,51.63
9/11/2013,51.98,51.98,51.98,51.98
9/10/2013,52.03,52.03,52.03,52.03
9/9/2013,51.48,51.48,51.48,51.48
9/6/2013,50.72,50.72,50.72,50.72
9/5/2013,50.86,50.86,50.86,50.86
9/4/2013,50.83,50.83,50.83,50.83
9/3/2013,50.41,50.41,50.41,50.41
8/30/2013,50.06,50.06,50.06,50.06
8/29/2013,50.89,50.89,50.89,50.89
8/28/2013,50.35,50.35,50.35,50.35
8/27/2013,50.11,50.11,50.11,50.11
8/26/2013,51.42,51.42,51.42,51.42
8/23/2013,51.43,51.43,51.43,51.43
8/22/2013,51.48,51.48,51.48,51.48
8/21/2013,50.83,50.83,50.83,50.83
8/20/2013,51.14,51.14,51.14,51.14
8/19/2013,50.36,50.36,50.36,50.36
8/16/2013,51,51,51,51
8/15/2013,51.13,51.13,51.13,51.13
8/14/2013,52.11,52.11,52.11,52.11
8/13/2013,52.36,52.36,52.36,52.36
8/12/2013,52.43,52.43,52.43,52.43
8/9/2013,52.14,52.14,52.14,52.14
8/8/2013,52.24,52.24,52.24,52.24
8/7/2013,52.1,52.1,52.1,52.1
8/6/2013,52.53,52.53,52.53,52.53
8/5/2013,53.03,53.03,53.03,53.03
8/2/2013,52.92,52.92,52.92,52.92
8/1/2013,52.92,52.92,52.92,52.92
7/31/2013,52.13,52.13,52.13,52.13
7/30/2013,52.02,52.02,52.02,52.02
7/29/2013,51.84,51.84,51.84,51.84
7/26/2013,52.19,52.19,52.19,52.19
7/25/2013,52.45,52.45,52.45,52.45
7/24/2013,51.95,51.95,51.95,51.95
7/23/2013,52.15,52.15,52.15,52.15
7/22/2013,52.25,52.25,52.25,52.25
7/19/2013,52.03,52.03,52.03,52.03
7/18/2013,51.96,51.96,51.96,51.96
7/17/2013,51.48,51.48,51.48,51.48
7/16/2013,51.28,51.28,51.28,51.28
7/15/2013,51.54,51.54,51.54,51.54
7/12/2013,51.25,51.25,51.25,51.25
7/11/2013,51.02,51.02,51.02,51.02
7/10/2013,50.39,50.39,50.39,50.39
7/9/2013,50.27,50.27,50.27,50.27
7/8/2013,49.74,49.74,49.74,49.74
7/5/2013,49.55,49.55,49.55,49.55
7/3/2013,48.85,48.85,48.85,48.85
7/2/2013,48.75,48.75,48.75,48.75
7/1/2013,48.79,48.79,48.79,48.79
6/28/2013,48.11,48.11,48.11,48.11
6/27/2013,48.25,48.25,48.25,48.25
6/26/2013,47.5,47.5,47.5,47.5
6/25/2013,47.32,47.32,47.32,47.32
6/24/2013,46.81,46.81,46.81,46.81
6/21/2013,47.54,47.54,47.54,47.54
6/20/2013,47.47,47.47,47.47,47.47
6/19/2013,48.76,48.76,48.76,48.76
6/18/2013,49.35,49.35,49.35,49.35
6/17/2013,48.79,48.79,48.79,48.79
6/14/2013,48.55,48.55,48.55,48.55
6/13/2013,49.01,49.01,49.01,49.01
6/12/2013,48.18,48.18,48.18,48.18
6/11/2013,48.62,48.62,48.62,48.62
6/10/2013,49.19,49.19,49.19,49.19
6/7/2013,48.84,48.84,48.84,48.84
6/6/2013,48.4,48.4,48.4,48.4
6/5/2013,47.8,47.8,47.8,47.8
6/4/2013,48.49,48.49,48.49,48.49
6/3/2013,48.82,48.82,48.82,48.82
5/31/2013,48.67,48.67,48.67,48.67
5/30/2013,49.09,49.09,49.09,49.09
5/29/2013,48.71,48.71,48.71,48.71
5/28/2013,49.07,49.07,49.07,49.07
5/24/2013,48.38,48.38,48.38,48.38
5/23/2013,48.41,48.41,48.41,48.41
5/22/2013,48.29,48.29,48.29,48.29
5/21/2013,49.18,49.18,49.18,49.18
5/20/2013,49.22,49.22,49.22,49.22
5/17/2013,49.16,49.16,49.16,49.16
5/16/2013,48.64,48.64,48.64,48.64
5/15/2013,48.81,48.81,48.81,48.81
5/14/2013,48.64,48.64,48.64,48.64
5/13/2013,48.09,48.09,48.09,48.09
5/10/2013,48.09,48.09,48.09,48.09
5/9/2013,47.68,47.68,47.68,47.68
5/8/2013,47.86,47.86,47.86,47.86
5/7/2013,47.76,47.76,47.76,47.76
5/6/2013,47.41,47.41,47.41,47.41
5/3/2013,47.01,47.01,47.01,47.01
5/2/2013,46.35,46.35,46.35,46.35
5/1/2013,45.59,45.59,45.59,45.59
4/30/2013,46.71,46.71,46.71,46.71
4/29/2013,46.47,46.47,46.47,46.47
4/26/2013,46.08,46.08,46.08,46.08
4/25/2013,46.32,46.32,46.32,46.32
4/24/2013,46.04,46.04,46.04,46.04
4/23/2013,45.79,45.79,45.79,45.79
4/22/2013,44.97,44.97,44.97,44.97
4/19/2013,44.82,44.82,44.82,44.82
4/18/2013,44.25,44.25,44.25,44.25
4/17/2013,44.47,44.47,44.47,44.47
4/16/2013,45.26,45.26,45.26,45.26
4/15/2013,44.52,44.52,44.52,44.52
4/12/2013,46.26,46.26,46.26,46.26
4/11/2013,46.52,46.52,46.52,46.52
4/10/2013,46.39,46.39,46.39,46.39
4/9/2013,45.6,45.6,45.6,45.6
4/8/2013,45.6,45.6,45.6,45.6
4/5/2013,45.13,45.13,45.13,45.13
4/4/2013,45.23,45.23,45.23,45.23
4/3/2013,44.82,44.82,44.82,44.82
4/2/2013,45.59,45.59,45.59,45.59
4/1/2013,45.85,45.85,45.85,45.85
3/28/2013,46.46,46.46,46.46,46.46
3/27/2013,46.4,46.4,46.4,46.4
3/26/2013,46.4,46.4,46.4,46.4
3/25/2013,46.15,46.15,46.15,46.15
3/22/2013,46.22,46.22,46.22,46.22
3/21/2013,46.19,46.19,46.19,46.19
3/20/2013,46.55,46.55,46.55,46.55
3/19/2013,46.07,46.07,46.07,46.07
3/18/2013,46.21,46.21,46.21,46.21
3/15/2013,46.44,46.44,46.44,46.44
3/14/2013,46.53,46.53,46.53,46.53
3/13/2013,46.1,46.1,46.1,46.1
3/12/2013,45.85,45.85,45.85,45.85
3/11/2013,45.84,45.84,45.84,45.84
3/8/2013,45.88,45.88,45.88,45.88
3/7/2013,45.49,45.49,45.49,45.49
3/6/2013,45.27,45.27,45.27,45.27
3/5/2013,45.15,45.15,45.15,45.15
3/4/2013,44.69,44.69,44.69,44.69
3/1/2013,44.61,44.61,44.61,44.61
2/28/2013,44.37,44.37,44.37,44.37
2/27/2013,44.35,44.35,44.35,44.35
2/26/2013,43.84,43.84,43.84,43.84
2/25/2013,43.65,43.65,43.65,43.65
2/22/2013,44.73,44.73,44.73,44.73
2/21/2013,44.21,44.21,44.21,44.21
2/20/2013,44.72,44.72,44.72,44.72
2/19/2013,45.68,45.68,45.68,45.68
2/15/2013,45.13,45.13,45.13,45.13
2/14/2013,45.12,45.12,45.12,45.12
2/13/2013,45.01,45.01,45.01,45.01
2/12/2013,44.8,44.8,44.8,44.8
2/11/2013,44.56,44.56,44.56,44.56
2/8/2013,44.5,44.5,44.5,44.5
2/7/2013,44.23,44.23,44.23,44.23
2/6/2013,44.39,44.39,44.39,44.39
2/5/2013,44.21,44.21,44.21,44.21
2/4/2013,43.74,43.74,43.74,43.74
2/1/2013,44.31,44.31,44.31,44.31
1/31/2013,43.85,43.85,43.85,43.85
1/30/2013,43.61,43.61,43.61,43.61
1/29/2013,44.08,44.08,44.08,44.08
1/28/2013,44.07,44.07,44.07,44.07
1/25/2013,43.88,43.88,43.88,43.88
1/24/2013,43.64,43.64,43.64,43.64
1/23/2013,43.52,43.52,43.52,43.52
1/22/2013,43.54,43.54,43.54,43.54
1/18/2013,43.22,43.22,43.22,43.22
1/17/2013,43.07,43.07,43.07,43.07
1/16/2013,42.76,42.76,42.76,42.76
1/15/2013,42.77,42.77,42.77,42.77
1/14/2013,42.53,42.53,42.53,42.53
1/11/2013,42.55,42.55,42.55,42.55
1/10/2013,42.54,42.54,42.54,42.54
1/9/2013,42.44,42.44,42.44,42.44
1/8/2013,42.23,42.23,42.23,42.23
1/7/2013,42.25,42.25,42.25,42.25
1/4/2013,42.39,42.39,42.39,42.39
1/3/2013,42.09,42.09,42.09,42.09
1/2/2013,42.17,42.17,42.17,42.17
12/31/2012,41.04,41.04,41.04,41.04
12/28/2012,40.22,40.22,40.22,40.22
12/27/2012,40.51,40.51,40.51,40.51
12/26/2012,40.56,40.56,40.56,40.56
12/24/2012,40.84,40.84,40.84,40.84
12/21/2012,40.99,40.99,40.99,40.99
12/20/2012,41.17,41.17,41.17,41.17
12/19/2012,40.96,40.96,40.96,40.96
12/18/2012,40.9,40.9,40.9,40.9
12/17/2012,40.85,40.85,40.85,40.85
12/14/2012,40.31,40.31,40.31,40.31
12/13/2012,40.48,40.48,40.48,40.48
12/12/2012,40.77,40.77,40.77,40.77
12/11/2012,40.98,40.98,40.98,40.98
12/10/2012,40.61,40.61,40.61,40.61
12/7/2012,40.37,40.37,40.37,40.37
12/6/2012,40.3,40.3,40.3,40.3
12/5/2012,40.2,40.2,40.2,40.2
12/4/2012,40.32,40.32,40.32,40.32
12/3/2012,40.29,40.29,40.29,40.29
11/30/2012,40.34,40.34,40.34,40.34
11/29/2012,40.37,40.37,40.37,40.37
11/28/2012,39.86,39.86,39.86,39.86
11/27/2012,39.5,39.5,39.5,39.5
11/26/2012,39.54,39.54,39.54,39.54
11/23/2012,39.55,39.55,39.55,39.55
11/21/2012,39.12,39.12,39.12,39.12
11/20/2012,38.93,38.93,38.93,38.93
11/19/2012,38.9,38.9,38.9,38.9
11/16/2012,38.04,38.04,38.04,38.04
11/15/2012,37.67,37.67,37.67,37.67
11/14/2012,37.79,37.79,37.79,37.79
11/13/2012,38.58,38.58,38.58,38.58
11/12/2012,38.73,38.73,38.73,38.73
11/9/2012,38.83,38.83,38.83,38.83
11/8/2012,38.73,38.73,38.73,38.73
11/7/2012,39.3,39.3,39.3,39.3
11/6/2012,40.26,40.26,40.26,40.26
11/5/2012,40.01,40.01,40.01,40.01
11/2/2012,39.85,39.85,39.85,39.85
11/1/2012,40.4,40.4,40.4,40.4
10/31/2012,39.87,39.87,39.87,39.87
10/26/2012,39.61,39.61,39.61,39.61
10/25/2012,39.77,39.77,39.77,39.77
10/24/2012,39.7,39.7,39.7,39.7
10/23/2012,39.7,39.7,39.7,39.7
10/22/2012,40.01,40.01,40.01,40.01
10/19/2012,40.01,40.01,40.01,40.01
10/18/2012,40.81,40.81,40.81,40.81
10/17/2012,41.07,41.07,41.07,41.07
10/16/2012,40.66,40.66,40.66,40.66
10/15/2012,40.26,40.26,40.26,40.26
10/12/2012,40,40,40,40
10/11/2012,40.19,40.19,40.19,40.19
10/10/2012,40.08,40.08,40.08,40.08
10/9/2012,40.2,40.2,40.2,40.2
10/8/2012,40.72,40.72,40.72,40.72
10/5/2012,40.95,40.95,40.95,40.95
10/4/2012,40.99,40.99,40.99,40.99
10/3/2012,40.65,40.65,40.65,40.65
10/2/2012,40.6,40.6,40.6,40.6
10/1/2012,40.61,40.61,40.61,40.61
9/28/2012,40.38,40.38,40.38,40.38
9/27/2012,40.66,40.66,40.66,40.66
9/26/2012,40.19,40.19,40.19,40.19
9/25/2012,40.49,40.49,40.49,40.49
9/24/2012,41.13,41.13,41.13,41.13
9/21/2012,41.37,41.37,41.37,41.37
9/20/2012,41.22,41.22,41.22,41.22
9/19/2012,41.48,41.48,41.48,41.48
9/18/2012,41.41,41.41,41.41,41.41
9/17/2012,41.5,41.5,41.5,41.5
9/14/2012,41.75,41.75,41.75,41.75
9/13/2012,41.4,41.4,41.4,41.4
9/12/2012,40.9,40.9,40.9,40.9
9/11/2012,40.72,40.72,40.72,40.72
9/10/2012,40.56,40.56,40.56,40.56
9/7/2012,40.73,40.73,40.73,40.73
9/6/2012,40.55,40.55,40.55,40.55
9/5/2012,39.74,39.74,39.74,39.74
9/4/2012,39.78,39.78,39.78,39.78
8/31/2012,39.36,39.36,39.36,39.36
8/30/2012,39.13,39.13,39.13,39.13
8/29/2012,39.49,39.49,39.49,39.49
8/28/2012,39.31,39.31,39.31,39.31
8/27/2012,39.16,39.16,39.16,39.16
8/24/2012,39.15,39.15,39.15,39.15
8/23/2012,38.96,38.96,38.96,38.96
8/22/2012,39.24,39.24,39.24,39.24
8/21/2012,39.42,39.42,39.42,39.42
8/20/2012,39.46,39.46,39.46,39.46
8/17/2012,39.58,39.58,39.58,39.58
8/16/2012,39.33,39.33,39.33,39.33
8/15/2012,38.9,38.9,38.9,38.9
8/14/2012,38.61,38.61,38.61,38.61
8/13/2012,38.67,38.67,38.67,38.67
8/10/2012,38.72,38.72,38.72,38.72
8/9/2012,38.75,38.75,38.75,38.75
8/8/2012,38.52,38.52,38.52,38.52
8/7/2012,38.55,38.55,38.55,38.55
8/6/2012,38.21,38.21,38.21,38.21
8/3/2012,37.95,37.95,37.95,37.95
8/2/2012,37.03,37.03,37.03,37.03
8/1/2012,37.19,37.19,37.19,37.19
7/31/2012,37.86,37.86,37.86,37.86
7/30/2012,37.9,37.9,37.9,37.9
7/27/2012,38.04,38.04,38.04,38.04
7/26/2012,37.19,37.19,37.19,37.19
7/25/2012,36.74,36.74,36.74,36.74
7/24/2012,36.64,36.64,36.64,36.64
7/23/2012,37.15,37.15,37.15,37.15
7/20/2012,37.7,37.7,37.7,37.7
7/19/2012,38.14,38.14,38.14,38.14
7/18/2012,38.2,38.2,38.2,38.2
7/17/2012,37.96,37.96,37.96,37.96
7/16/2012,37.76,37.76,37.76,37.76
7/13/2012,37.9,37.9,37.9,37.9
7/12/2012,37.37,37.37,37.37,37.37
7/11/2012,37.45,37.45,37.45,37.45
7/10/2012,37.64,37.64,37.64,37.64
7/9/2012,38.01,38.01,38.01,38.01
7/6/2012,38.1,38.1,38.1,38.1
7/5/2012,38.48,38.48,38.48,38.48
7/3/2012,38.46,38.46,38.46,38.46
7/2/2012,38.03,38.03,38.03,38.03
6/29/2012,37.54,37.54,37.54,37.54
6/28/2012,36.42,36.42,36.42,36.42
6/27/2012,36.36,36.36,36.36,36.36
6/26/2012,35.94,35.94,35.94,35.94
6/25/2012,35.82,35.82,35.82,35.82
6/22/2012,36.45,36.45,36.45,36.45
6/21/2012,36.02,36.02,36.02,36.02
6/20/2012,36.89,36.89,36.89,36.89
6/19/2012,36.93,36.93,36.93,36.93
6/18/2012,36.31,36.31,36.31,36.31
6/15/2012,36.27,36.27,36.27,36.27
6/14/2012,35.86,35.86,35.86,35.86
6/13/2012,35.35,35.35,35.35,35.35
6/12/2012,35.76,35.76,35.76,35.76
6/11/2012,35.3,35.3,35.3,35.3
6/8/2012,36.18,36.18,36.18,36.18
6/7/2012,35.73,35.73,35.73,35.73
6/6/2012,35.92,35.92,35.92,35.92
6/5/2012,35.01,35.01,35.01,35.01
6/4/2012,34.56,34.56,34.56,34.56
6/1/2012,34.68,34.68,34.68,34.68
5/31/2012,35.85,35.85,35.85,35.85
5/30/2012,35.84,35.84,35.84,35.84
5/29/2012,36.52,36.52,36.52,36.52
5/25/2012,36.01,36.01,36.01,36.01
5/24/2012,36.01,36.01,36.01,36.01
5/23/2012,35.93,35.93,35.93,35.93
5/22/2012,35.75,35.75,35.75,35.75
5/21/2012,35.98,35.98,35.98,35.98
5/18/2012,35.16,35.16,35.16,35.16
5/17/2012,35.54,35.54,35.54,35.54
5/16/2012,36.45,36.45,36.45,36.45
5/15/2012,36.67,36.67,36.67,36.67
5/14/2012,36.72,36.72,36.72,36.72
5/11/2012,37.18,37.18,37.18,37.18
5/10/2012,37.28,37.28,37.28,37.28
5/9/2012,37.08,37.08,37.08,37.08
5/8/2012,37.27,37.27,37.27,37.27
5/7/2012,37.3,37.3,37.3,37.3
5/4/2012,37.25,37.25,37.25,37.25
5/3/2012,37.91,37.91,37.91,37.91
5/2/2012,38.5,38.5,38.5,38.5
5/1/2012,38.42,38.42,38.42,38.42
4/30/2012,38.52,38.52,38.52,38.52
4/27/2012,38.98,38.98,38.98,38.98
4/26/2012,38.61,38.61,38.61,38.61
4/25/2012,38.27,38.27,38.27,38.27
4/24/2012,37.57,37.57,37.57,37.57
4/23/2012,37.36,37.36,37.36,37.36
4/20/2012,37.93,37.93,37.93,37.93
4/19/2012,37.75,37.75,37.75,37.75
4/18/2012,37.99,37.99,37.99,37.99
4/17/2012,38.26,38.26,38.26,38.26
4/16/2012,37.66,37.66,37.66,37.66
4/13/2012,37.61,37.61,37.61,37.61
4/12/2012,38.15,38.15,38.15,38.15
4/11/2012,37.57,37.57,37.57,37.57
4/10/2012,37.06,37.06,37.06,37.06
4/9/2012,38.05,38.05,38.05,38.05
4/5/2012,38.81,38.81,38.81,38.81
4/4/2012,38.93,38.93,38.93,38.93
4/3/2012,39.63,39.63,39.63,39.63
4/2/2012,39.84,39.84,39.84,39.84
3/30/2012,39.35,39.35,39.35,39.35
3/29/2012,39.44,39.44,39.44,39.44
3/28/2012,39.52,39.52,39.52,39.52
3/27/2012,39.78,39.78,39.78,39.78
3/26/2012,40.13,40.13,40.13,40.13
3/23/2012,39.33,39.33,39.33,39.33
3/22/2012,38.93,38.93,38.93,38.93
3/21/2012,39.38,39.38,39.38,39.38
3/20/2012,39.35,39.35,39.35,39.35
3/19/2012,39.73,39.73,39.73,39.73
3/16/2012,39.46,39.46,39.46,39.46
3/15/2012,39.54,39.54,39.54,39.54
3/14/2012,39.21,39.21,39.21,39.21
3/13/2012,39.52,39.52,39.52,39.52
3/12/2012,38.72,38.72,38.72,38.72
3/9/2012,38.88,38.88,38.88,38.88
3/8/2012,38.4,38.4,38.4,38.4
3/7/2012,37.91,37.91,37.91,37.91
3/6/2012,37.48,37.48,37.48,37.48
3/5/2012,38.28,38.28,38.28,38.28
3/2/2012,38.26,38.26,38.26,38.26
3/1/2012,38.81,38.81,38.81,38.81
2/29/2012,38.55,38.55,38.55,38.55
2/28/2012,39.12,39.12,39.12,39.12
2/27/2012,39.24,39.24,39.24,39.24
2/24/2012,39.26,39.26,39.26,39.26
2/23/2012,39.24,39.24,39.24,39.24
2/22/2012,38.69,38.69,38.69,38.69
2/21/2012,39.01,39.01,39.01,39.01
2/17/2012,39.2,39.2,39.2,39.2
2/16/2012,39.2,39.2,39.2,39.2
2/15/2012,38.44,38.44,38.44,38.44
2/14/2012,38.77,38.77,38.77,38.77
2/13/2012,38.9,38.9,38.9,38.9
2/10/2012,38.44,38.44,38.44,38.44
2/9/2012,38.89,38.89,38.89,38.89
2/8/2012,39.09,39.09,39.09,39.09
2/7/2012,39.02,39.02,39.02,39.02
2/6/2012,39.01,39.01,39.01,39.01
2/3/2012,39.1,39.1,39.1,39.1
2/2/2012,38.3,38.3,38.3,38.3
2/1/2012,38.12,38.12,38.12,38.12
1/31/2012,37.38,37.38,37.38,37.38
1/30/2012,37.42,37.42,37.42,37.42
1/27/2012,37.65,37.65,37.65,37.65
1/26/2012,37.3,37.3,37.3,37.3
1/25/2012,37.48,37.48,37.48,37.48
1/24/2012,37.2,37.2,37.2,37.2
1/23/2012,36.89,36.89,36.89,36.89
1/20/2012,36.95,36.95,36.95,36.95
1/19/2012,36.84,36.84,36.84,36.84
1/18/2012,36.66,36.66,36.66,36.66
1/17/2012,36.08,36.08,36.08,36.08
1/13/2012,35.99,35.99,35.99,35.99
1/12/2012,36.25,36.25,36.25,36.25
1/11/2012,36.11,36.11,36.11,36.11
1/10/2012,35.94,35.94,35.94,35.94
1/9/2012,35.47,35.47,35.47,35.47
1/6/2012,35.11,35.11,35.11,35.11
1/5/2012,35.2,35.2,35.2,35.2
1/4/2012,34.94,34.94,34.94,34.94
1/3/2012,35.18,35.18,35.18,35.18
12/30/2011,34.62,34.62,34.62,34.62
12/29/2011,34.82,34.82,34.82,34.82
12/28/2011,34.35,34.35,34.35,34.35
12/27/2011,35.09,35.09,35.09,35.09
12/23/2011,34.96,34.96,34.96,34.96
12/22/2011,34.84,34.84,34.84,34.84
12/21/2011,34.6,34.6,34.6,34.6
12/20/2011,34.4,34.4,34.4,34.4
12/19/2011,33.28,33.28,33.28,33.28
12/16/2011,33.87,33.87,33.87,33.87
12/15/2011,33.54,33.54,33.54,33.54
12/14/2011,33.21,33.21,33.21,33.21
12/13/2011,33.72,33.72,33.72,33.72
12/12/2011,34.39,34.39,34.39,34.39
12/9/2011,35,35,35,35
12/8/2011,33.96,33.96,33.96,33.96
12/7/2011,35.03,35.03,35.03,35.03
12/6/2011,35.03,35.03,35.03,35.03
12/5/2011,35.06,35.06,35.06,35.06
12/2/2011,34.55,34.55,34.55,34.55
12/1/2011,34.36,34.36,34.36,34.36
11/30/2011,34.6,34.6,34.6,34.6
11/29/2011,32.75,32.75,32.75,32.75
11/28/2011,32.82,32.82,32.82,32.82
11/25/2011,31.39,31.39,31.39,31.39
11/23/2011,31.75,31.75,31.75,31.75
11/22/2011,32.7,32.7,32.7,32.7
11/21/2011,32.95,32.95,32.95,32.95
11/18/2011,33.78,33.78,33.78,33.78
11/17/2011,33.75,33.75,33.75,33.75
11/16/2011,34.34,34.34,34.34,34.34
11/15/2011,34.94,34.94,34.94,34.94
11/14/2011,34.55,34.55,34.55,34.55
11/11/2011,35.04,35.04,35.04,35.04
11/10/2011,34.25,34.25,34.25,34.25
11/9/2011,33.96,33.96,33.96,33.96
11/8/2011,35.62,35.62,35.62,35.62
11/7/2011,35.23,35.23,35.23,35.23
11/4/2011,35.29,35.29,35.29,35.29
11/3/2011,35.44,35.44,35.44,35.44
11/2/2011,34.45,34.45,34.45,34.45
11/1/2011,33.54,33.54,33.54,33.54
10/31/2011,34.75,34.75,34.75,34.75
10/28/2011,35.61,35.61,35.61,35.61
10/27/2011,35.73,35.73,35.73,35.73
10/26/2011,33.95,33.95,33.95,33.95
10/25/2011,33.37,33.37,33.37,33.37
10/24/2011,34.28,34.28,34.28,34.28
10/21/2011,33.11,33.11,33.11,33.11
10/20/2011,32.34,32.34,32.34,32.34
10/19/2011,32.25,32.25,32.25,32.25
10/18/2011,32.92,32.92,32.92,32.92
10/17/2011,31.96,31.96,31.96,31.96
10/14/2011,32.96,32.96,32.96,32.96
10/13/2011,32.32,32.32,32.32,32.32
10/12/2011,32.39,32.39,32.39,32.39
10/11/2011,31.85,31.85,31.85,31.85
10/10/2011,31.69,31.69,31.69,31.69
10/7/2011,30.31,30.31,30.31,30.31
10/6/2011,31.07,31.07,31.07,31.07
10/5/2011,30.25,30.25,30.25,30.25
10/4/2011,29.79,29.79,29.79,29.79
10/3/2011,28.07,28.07,28.07,28.07
9/30/2011,29.73,29.73,29.73,29.73
9/29/2011,30.62,30.62,30.62,30.62
9/28/2011,30.18,30.18,30.18,30.18
9/27/2011,31.42,31.42,31.42,31.42
9/26/2011,30.81,30.81,30.81,30.81
9/23/2011,30.17,30.17,30.17,30.17
9/22/2011,29.85,29.85,29.85,29.85
9/21/2011,30.9,30.9,30.9,30.9
9/20/2011,32.11,32.11,32.11,32.11
9/19/2011,32.79,32.79,32.79,32.79
9/16/2011,33.37,33.37,33.37,33.37
9/15/2011,33.25,33.25,33.25,33.25
9/14/2011,32.77,32.77,32.77,32.77
9/13/2011,32.22,32.22,32.22,32.22
9/12/2011,31.65,31.65,31.65,31.65
9/9/2011,31.45,31.45,31.45,31.45
9/8/2011,32.43,32.43,32.43,32.43
9/7/2011,33.05,33.05,33.05,33.05
9/6/2011,31.71,31.71,31.71,31.71
9/2/2011,31.84,31.84,31.84,31.84
9/1/2011,33.17,33.17,33.17,33.17
8/31/2011,34.05,34.05,34.05,34.05
8/30/2011,34.05,34.05,34.05,34.05
8/29/2011,33.9,33.9,33.9,33.9
8/26/2011,32.35,32.35,32.35,32.35
8/25/2011,31.52,31.52,31.52,31.52
8/24/2011,32.32,32.32,32.32,32.32
8/23/2011,31.84,31.84,31.84,31.84
8/22/2011,30.31,30.31,30.31,30.31
8/19/2011,30.38,30.38,30.38,30.38
8/18/2011,30.99,30.99,30.99,30.99
8/17/2011,32.93,32.93,32.93,32.93
8/16/2011,33.03,33.03,33.03,33.03
8/15/2011,33.69,33.69,33.69,33.69
8/12/2011,32.59,32.59,32.59,32.59
8/11/2011,32.49,32.49,32.49,32.49
8/10/2011,30.74,30.74,30.74,30.74
8/9/2011,32.33,32.33,32.33,32.33
8/8/2011,30.3,30.3,30.3,30.3
8/5/2011,33.45,33.45,33.45,33.45
8/4/2011,34.02,34.02,34.02,34.02
8/3/2011,36.39,36.39,36.39,36.39
8/2/2011,36.18,36.18,36.18,36.18
8/1/2011,37.44,37.44,37.44,37.44
7/29/2011,37.62,37.62,37.62,37.62
7/28/2011,37.78,37.78,37.78,37.78
7/27/2011,37.88,37.88,37.88,37.88
7/26/2011,39.05,39.05,39.05,39.05
7/25/2011,39.45,39.45,39.45,39.45
7/22/2011,39.98,39.98,39.98,39.98
7/21/2011,39.95,39.95,39.95,39.95
7/20/2011,39.47,39.47,39.47,39.47
7/19/2011,39.6,39.6,39.6,39.6
7/18/2011,38.74,38.74,38.74,38.74
7/15/2011,39.36,39.36,39.36,39.36
7/14/2011,39.14,39.14,39.14,39.14
7/13/2011,39.77,39.77,39.77,39.77
7/12/2011,39.43,39.43,39.43,39.43
7/11/2011,39.74,39.74,39.74,39.74
7/8/2011,40.59,40.59,40.59,40.59
7/7/2011,40.91,40.91,40.91,40.91
7/6/2011,40.33,40.33,40.33,40.33
7/5/2011,40.2,40.2,40.2,40.2
7/1/2011,40,40,40,40
6/30/2011,39.44,39.44,39.44,39.44
6/29/2011,39.09,39.09,39.09,39.09
6/28/2011,38.96,38.96,38.96,38.96
6/27/2011,38.34,38.34,38.34,38.34
6/24/2011,37.94,37.94,37.94,37.94
6/23/2011,38.15,38.15,38.15,38.15
6/22/2011,38,38,38,38
6/21/2011,38.29,38.29,38.29,38.29
6/20/2011,37.46,37.46,37.46,37.46
6/17/2011,37.05,37.05,37.05,37.05
6/16/2011,37.01,37.01,37.01,37.01
6/15/2011,36.92,36.92,36.92,36.92
6/14/2011,37.65,37.65,37.65,37.65
6/13/2011,36.82,36.82,36.82,36.82
6/10/2011,36.89,36.89,36.89,36.89
6/9/2011,37.52,37.52,37.52,37.52
6/8/2011,37.29,37.29,37.29,37.29
6/7/2011,37.76,37.76,37.76,37.76
6/6/2011,37.64,37.64,37.64,37.64
6/3/2011,38.27,38.27,38.27,38.27
6/2/2011,38.88,38.88,38.88,38.88
6/1/2011,38.93,38.93,38.93,38.93
5/31/2011,40.13,40.13,40.13,40.13
5/27/2011,39.62,39.62,39.62,39.62
5/26/2011,39.34,39.34,39.34,39.34
5/25/2011,38.9,38.9,38.9,38.9
5/24/2011,38.48,38.48,38.48,38.48
5/23/2011,38.63,38.63,38.63,38.63
5/20/2011,39.37,39.37,39.37,39.37
5/19/2011,39.73,39.73,39.73,39.73
5/18/2011,39.67,39.67,39.67,39.67
5/17/2011,39.1,39.1,39.1,39.1
5/16/2011,39.24,39.24,39.24,39.24
5/13/2011,39.86,39.86,39.86,39.86
5/12/2011,40.34,40.34,40.34,40.34
5/11/2011,40.06,40.06,40.06,40.06
5/10/2011,40.74,40.74,40.74,40.74
5/9/2011,40.01,40.01,40.01,40.01
5/6/2011,39.57,39.57,39.57,39.57
5/5/2011,39.37,39.37,39.37,39.37
5/4/2011,39.49,39.49,39.49,39.49
5/3/2011,39.95,39.95,39.95,39.95
5/2/2011,40.41,40.41,40.41,40.41
4/29/2011,40.84,40.84,40.84,40.84
4/28/2011,40.68,40.68,40.68,40.68
4/27/2011,40.51,40.51,40.51,40.51
4/26/2011,40.18,40.18,40.18,40.18
4/25/2011,39.73,39.73,39.73,39.73
4/21/2011,39.75,39.75,39.75,39.75
4/20/2011,39.48,39.48,39.48,39.48
4/19/2011,38.75,38.75,38.75,38.75
4/18/2011,38.66,38.66,38.66,38.66
4/15/2011,39.27,39.27,39.27,39.27
4/14/2011,38.91,38.91,38.91,38.91
4/13/2011,38.78,38.78,38.78,38.78
4/12/2011,38.7,38.7,38.7,38.7
4/11/2011,39.18,39.18,39.18,39.18
4/8/2011,39.49,39.49,39.49,39.49
4/7/2011,39.9,39.9,39.9,39.9
4/6/2011,40.1,40.1,40.1,40.1
4/5/2011,40.1,40.1,40.1,40.1
4/4/2011,39.87,39.87,39.87,39.87
4/1/2011,39.76,39.76,39.76,39.76
3/31/2011,39.55,39.55,39.55,39.55
3/30/2011,39.37,39.37,39.37,39.37
3/29/2011,38.79,38.79,38.79,38.79
3/28/2011,38.44,38.44,38.44,38.44
3/25/2011,38.55,38.55,38.55,38.55
3/24/2011,38.23,38.23,38.23,38.23
3/23/2011,37.95,37.95,37.95,37.95
3/22/2011,37.88,37.88,37.88,37.88
3/21/2011,38.09,38.09,38.09,38.09
3/18/2011,37.29,37.29,37.29,37.29
3/17/2011,36.85,36.85,36.85,36.85
3/16/2011,36.71,36.71,36.71,36.71
3/15/2011,37.23,37.23,37.23,37.23
3/14/2011,37.6,37.6,37.6,37.6
3/11/2011,37.8,37.8,37.8,37.8
3/10/2011,37.64,37.64,37.64,37.64
3/9/2011,38.62,38.62,38.62,38.62
3/8/2011,38.83,38.83,38.83,38.83
3/7/2011,38.23,38.23,38.23,38.23
3/4/2011,38.81,38.81,38.81,38.81
3/3/2011,39.04,39.04,39.04,39.04
3/2/2011,38.23,38.23,38.23,38.23
3/1/2011,38.08,38.08,38.08,38.08
2/28/2011,38.87,38.87,38.87,38.87
2/25/2011,38.86,38.86,38.86,38.86
2/24/2011,38.01,38.01,38.01,38.01
2/23/2011,37.81,37.81,37.81,37.81
2/22/2011,38.54,38.54,38.54,38.54
2/18/2011,39.56,39.56,39.56,39.56
2/17/2011,39.56,39.56,39.56,39.56
2/16/2011,39.33,39.33,39.33,39.33
2/15/2011,38.94,38.94,38.94,38.94
2/14/2011,39.15,39.15,39.15,39.15
2/11/2011,38.9,38.9,38.9,38.9
2/10/2011,38.44,38.44,38.44,38.44
2/9/2011,38.31,38.31,38.31,38.31
2/8/2011,38.44,38.44,38.44,38.44
2/7/2011,38.17,38.17,38.17,38.17
2/4/2011,37.78,37.78,37.78,37.78
2/3/2011,37.72,37.72,37.72,37.72
2/2/2011,37.54,37.54,37.54,37.54
2/1/2011,37.7,37.7,37.7,37.7
1/31/2011,36.88,36.88,36.88,36.88
1/28/2011,36.61,36.61,36.61,36.61
1/27/2011,37.68,37.68,37.68,37.68
1/26/2011,37.46,37.46,37.46,37.46
1/25/2011,36.82,36.82,36.82,36.82
1/24/2011,36.71,36.71,36.71,36.71
1/21/2011,36.41,36.41,36.41,36.41
1/20/2011,36.6,36.6,36.6,36.6
1/19/2011,36.92,36.92,36.92,36.92
1/18/2011,37.8,37.8,37.8,37.8
1/14/2011,37.82,37.82,37.82,37.82
1/13/2011,37.49,37.49,37.49,37.49
1/12/2011,37.53,37.53,37.53,37.53
1/11/2011,37.26,37.26,37.26,37.26
1/10/2011,37.16,37.16,37.16,37.16
1/7/2011,36.96,36.96,36.96,36.96
1/6/2011,37.05,37.05,37.05,37.05
1/5/2011,37.17,37.17,37.17,37.17
1/4/2011,36.77,36.77,36.77,36.77
1/3/2011,37.22,37.22,37.22,37.22
12/31/2010,36.48,36.48,36.48,36.48
12/30/2010,36.77,36.77,36.77,36.77
12/29/2010,36.8,36.8,36.8,36.8
12/28/2010,36.78,36.78,36.78,36.78
12/27/2010,36.91,36.91,36.91,36.91
12/23/2010,36.72,36.72,36.72,36.72
12/22/2010,36.81,36.81,36.81,36.81
12/21/2010,36.77,36.77,36.77,36.77
12/20/2010,36.37,36.37,36.37,36.37
12/17/2010,36.34,36.34,36.34,36.34
12/16/2010,36.24,36.24,36.24,36.24
12/15/2010,35.82,35.82,35.82,35.82
12/14/2010,36.01,36.01,36.01,36.01
12/13/2010,36.03,36.03,36.03,36.03
12/10/2010,36.27,36.27,36.27,36.27
12/9/2010,35.85,35.85,35.85,35.85
12/8/2010,35.73,35.73,35.73,35.73
12/7/2010,35.7,35.7,35.7,35.7
12/6/2010,35.52,35.52,35.52,35.52
12/3/2010,35.34,35.34,35.34,35.34
12/2/2010,35.1,35.1,35.1,35.1
12/1/2010,34.75,34.75,34.75,34.75
11/30/2010,33.96,33.96,33.96,33.96
11/29/2010,34.2,34.2,34.2,34.2
11/26/2010,34.29,34.29,34.29,34.29
11/24/2010,34.42,34.42,34.42,34.42
11/23/2010,33.65,33.65,33.65,33.65
11/22/2010,33.99,33.99,33.99,33.99
11/19/2010,33.84,33.84,33.84,33.84
11/18/2010,33.72,33.72,33.72,33.72
11/17/2010,33.09,33.09,33.09,33.09
11/16/2010,32.95,32.95,32.95,32.95
11/15/2010,33.65,33.65,33.65,33.65
11/12/2010,33.56,33.56,33.56,33.56
11/11/2010,34.14,34.14,34.14,34.14
11/10/2010,34.3,34.3,34.3,34.3
11/9/2010,34.02,34.02,34.02,34.02
11/8/2010,34.47,34.47,34.47,34.47
11/5/2010,34.51,34.51,34.51,34.51
11/4/2010,34.34,34.34,34.34,34.34
11/3/2010,33.53,33.53,33.53,33.53
11/2/2010,33.47,33.47,33.47,33.47
11/1/2010,32.78,32.78,32.78,32.78
10/29/2010,32.91,32.91,32.91,32.91
10/28/2010,32.8,32.8,32.8,32.8
10/27/2010,32.94,32.94,32.94,32.94
10/26/2010,33.04,33.04,33.04,33.04
10/25/2010,33.06,33.06,33.06,33.06
10/22/2010,32.89,32.89,32.89,32.89
10/21/2010,32.7,32.7,32.7,32.7
10/20/2010,32.86,32.86,32.86,32.86
10/19/2010,32.45,32.45,32.45,32.45
10/18/2010,33.16,33.16,33.16,33.16
10/15/2010,32.84,32.84,32.84,32.84
10/14/2010,32.91,32.91,32.91,32.91
10/13/2010,32.95,32.95,32.95,32.95
10/12/2010,32.49,32.49,32.49,32.49
10/11/2010,32.34,32.34,32.34,32.34
10/8/2010,32.32,32.32,32.32,32.32
10/7/2010,31.87,31.87,31.87,31.87
10/6/2010,31.92,31.92,31.92,31.92
10/5/2010,32.04,32.04,32.04,32.04
10/4/2010,31.15,31.15,31.15,31.15
10/1/2010,31.64,31.64,31.64,31.64
9/30/2010,31.5,31.5,31.5,31.5
9/29/2010,31.6,31.6,31.6,31.6
9/28/2010,31.5,31.5,31.5,31.5
9/27/2010,31.16,31.16,31.16,31.16
9/24/2010,31.22,31.22,31.22,31.22
9/23/2010,30.23,30.23,30.23,30.23
9/22/2010,30.59,30.59,30.59,30.59
9/21/2010,30.93,30.93,30.93,30.93
9/20/2010,31.14,31.14,31.14,31.14
9/17/2010,30.33,30.33,30.33,30.33
9/16/2010,30.2,30.2,30.2,30.2
9/15/2010,30.38,30.38,30.38,30.38
9/14/2010,30.21,30.21,30.21,30.21
9/13/2010,30.34,30.34,30.34,30.34
9/10/2010,29.64,29.64,29.64,29.64
9/9/2010,29.53,29.53,29.53,29.53
9/8/2010,29.51,29.51,29.51,29.51
9/7/2010,29.3,29.3,29.3,29.3
9/3/2010,30.05,30.05,30.05,30.05
9/2/2010,29.5,29.5,29.5,29.5
9/1/2010,29.11,29.11,29.11,29.11
8/31/2010,28.01,28.01,28.01,28.01
8/30/2010,27.99,27.99,27.99,27.99
8/27/2010,28.66,28.66,28.66,28.66
8/26/2010,27.92,27.92,27.92,27.92
8/25/2010,28.22,28.22,28.22,28.22
8/24/2010,27.8,27.8,27.8,27.8
8/23/2010,28.16,28.16,28.16,28.16
8/20/2010,28.56,28.56,28.56,28.56
8/19/2010,28.59,28.59,28.59,28.59
8/18/2010,29.38,29.38,29.38,29.38
8/17/2010,29.24,29.24,29.24,29.24
8/16/2010,28.71,28.71,28.71,28.71
8/13/2010,28.54,28.54,28.54,28.54
8/12/2010,28.88,28.88,28.88,28.88
8/11/2010,29.03,29.03,29.03,29.03
8/10/2010,30.27,30.27,30.27,30.27
8/9/2010,30.85,30.85,30.85,30.85
8/6/2010,30.5,30.5,30.5,30.5
8/5/2010,30.65,30.65,30.65,30.65
8/4/2010,31.02,31.02,31.02,31.02
8/3/2010,30.67,30.67,30.67,30.67
8/2/2010,30.97,30.97,30.97,30.97
7/30/2010,30.5,30.5,30.5,30.5
7/29/2010,30.48,30.48,30.48,30.48
7/28/2010,30.53,30.53,30.53,30.53
7/27/2010,31.02,31.02,31.02,31.02
7/26/2010,31.2,31.2,31.2,31.2
7/23/2010,30.51,30.51,30.51,30.51
7/22/2010,29.87,29.87,29.87,29.87
7/21/2010,28.83,28.83,28.83,28.83
7/20/2010,29.36,29.36,29.36,29.36
7/19/2010,28.88,28.88,28.88,28.88
7/16/2010,28.72,28.72,28.72,28.72
7/15/2010,29.87,29.87,29.87,29.87
7/14/2010,30.1,30.1,30.1,30.1
7/13/2010,30.19,30.19,30.19,30.19
7/12/2010,29.17,29.17,29.17,29.17
7/9/2010,29.5,29.5,29.5,29.5
7/8/2010,29.04,29.04,29.04,29.04
7/7/2010,28.59,28.59,28.59,28.59
7/6/2010,27.57,27.57,27.57,27.57
7/2/2010,28.06,28.06,28.06,28.06
7/1/2010,28.37,28.37,28.37,28.37
6/30/2010,28.6,28.6,28.6,28.6
6/29/2010,28.93,28.93,28.93,28.93
6/28/2010,30.08,30.08,30.08,30.08
6/25/2010,30.25,30.25,30.25,30.25
6/24/2010,29.66,29.66,29.66,29.66
6/23/2010,30.18,30.18,30.18,30.18
6/22/2010,30.29,30.29,30.29,30.29
6/21/2010,30.91,30.91,30.91,30.91
6/18/2010,31.3,31.3,31.3,31.3
6/17/2010,31.27,31.27,31.27,31.27
6/16/2010,31.29,31.29,31.29,31.29
6/15/2010,31.48,31.48,31.48,31.48
6/14/2010,30.65,30.65,30.65,30.65
6/11/2010,30.48,30.48,30.48,30.48
6/10/2010,29.98,29.98,29.98,29.98
6/9/2010,29.02,29.02,29.02,29.02
6/8/2010,28.96,28.96,28.96,28.96
6/7/2010,29.05,29.05,29.05,29.05
6/4/2010,29.82,29.82,29.82,29.82
6/3/2010,31.34,31.34,31.34,31.34
6/2/2010,30.97,30.97,30.97,30.97
6/1/2010,30.13,30.13,30.13,30.13
5/28/2010,31.13,31.13,31.13,31.13
5/27/2010,31.51,31.51,31.51,31.51
5/26/2010,30.14,30.14,30.14,30.14
5/25/2010,30.02,30.02,30.02,30.02
5/24/2010,30.09,30.09,30.09,30.09
5/21/2010,30.45,30.45,30.45,30.45
5/20/2010,29.99,29.99,29.99,29.99
5/19/2010,31.53,31.53,31.53,31.53
5/18/2010,31.86,31.86,31.86,31.86
5/17/2010,32.51,32.51,32.51,32.51
5/14/2010,32.4,32.4,32.4,32.4
5/13/2010,33.05,33.05,33.05,33.05
5/12/2010,33.35,33.35,33.35,33.35
5/11/2010,32.32,32.32,32.32,32.32
5/10/2010,32.03,32.03,32.03,32.03
5/7/2010,30.32,30.32,30.32,30.32
5/6/2010,31.27,31.27,31.27,31.27
5/5/2010,32.54,32.54,32.54,32.54
5/4/2010,33.12,33.12,33.12,33.12
5/3/2010,34.17,34.17,34.17,34.17
4/30/2010,33.39,33.39,33.39,33.39
4/29/2010,34.42,34.42,34.42,34.42
4/28/2010,33.68,33.68,33.68,33.68
4/27/2010,33.56,33.56,33.56,33.56
4/26/2010,34.34,34.34,34.34,34.34
4/23/2010,34.44,34.44,34.44,34.44
4/22/2010,34.11,34.11,34.11,34.11
4/21/2010,33.73,33.73,33.73,33.73
4/20/2010,33.53,33.53,33.53,33.53
4/19/2010,33.07,33.07,33.07,33.07
4/16/2010,33.16,33.16,33.16,33.16
4/15/2010,33.58,33.58,33.58,33.58
4/14/2010,33.48,33.48,33.48,33.48
4/13/2010,32.78,32.78,32.78,32.78
4/12/2010,32.72,32.72,32.72,32.72
4/9/2010,32.63,32.63,32.63,32.63
4/8/2010,32.48,32.48,32.48,32.48
4/7/2010,32.5,32.5,32.5,32.5
4/6/2010,32.55,32.55,32.55,32.55
4/5/2010,32.37,32.37,32.37,32.37
4/1/2010,31.82,31.82,31.82,31.82
3/31/2010,31.47,31.47,31.47,31.47
3/30/2010,31.77,31.77,31.77,31.77
3/29/2010,31.72,31.72,31.72,31.72
3/26/2010,31.59,31.59,31.59,31.59
3/25/2010,31.6,31.6,31.6,31.6
3/24/2010,31.71,31.71,31.71,31.71
3/23/2010,32.01,32.01,32.01,32.01
3/22/2010,31.68,31.68,31.68,31.68
3/19/2010,31.24,31.24,31.24,31.24
3/18/2010,31.61,31.61,31.61,31.61
3/17/2010,31.74,31.74,31.74,31.74
3/16/2010,31.47,31.47,31.47,31.47
3/15/2010,31.26,31.26,31.26,31.26
3/12/2010,31.36,31.36,31.36,31.36
3/11/2010,31.38,31.38,31.38,31.38
3/10/2010,31.25,31.25,31.25,31.25
3/9/2010,31.02,31.02,31.02,31.02
3/8/2010,30.87,30.87,30.87,30.87
3/5/2010,30.78,30.78,30.78,30.78
3/4/2010,30.16,30.16,30.16,30.16
3/3/2010,30.03,30.03,30.03,30.03
3/2/2010,29.94,29.94,29.94,29.94
3/1/2010,29.7,29.7,29.7,29.7
2/26/2010,29.02,29.02,29.02,29.02
2/25/2010,29.12,29.12,29.12,29.12
2/24/2010,29.08,29.08,29.08,29.08
2/23/2010,28.84,28.84,28.84,28.84
2/22/2010,29.2,29.2,29.2,29.2
2/19/2010,29.17,29.17,29.17,29.17
2/18/2010,29.11,29.11,29.11,29.11
2/17/2010,28.91,28.91,28.91,28.91
2/16/2010,28.68,28.68,28.68,28.68
2/12/2010,28.17,28.17,28.17,28.17
2/11/2010,27.94,27.94,27.94,27.94
2/10/2010,27.49,27.49,27.49,27.49
2/9/2010,27.46,27.46,27.46,27.46
2/8/2010,27.07,27.07,27.07,27.07
2/5/2010,27.37,27.37,27.37,27.37
2/4/2010,27.24,27.24,27.24,27.24
2/3/2010,28.13,28.13,28.13,28.13
2/2/2010,28.31,28.31,28.31,28.31
2/1/2010,28.03,28.03,28.03,28.03
1/29/2010,27.68,27.68,27.68,27.68
1/28/2010,27.94,27.94,27.94,27.94
1/27/2010,28.36,28.36,28.36,28.36
1/26/2010,28.05,28.05,28.05,28.05
1/25/2010,28.33,28.33,28.33,28.33
1/22/2010,28.29,28.29,28.29,28.29
1/21/2010,28.8,28.8,28.8,28.8
1/20/2010,29.32,29.32,29.32,29.32
1/19/2010,29.78,29.78,29.78,29.78
1/15/2010,29.32,29.32,29.32,29.32
1/14/2010,29.72,29.72,29.72,29.72
1/13/2010,29.6,29.6,29.6,29.6
1/12/2010,29.25,29.25,29.25,29.25
1/11/2010,29.64,29.64,29.64,29.64
1/8/2010,29.6,29.6,29.6,29.6
1/7/2010,29.51,29.51,29.51,29.51
1/6/2010,29.29,29.29,29.29,29.29
1/5/2010,29.34,29.34,29.34,29.34
1/4/2010,29.4,29.4,29.4,29.4
12/31/2009,28.74,28.74,28.74,28.74
12/30/2009,29.15,29.15,29.15,29.15
12/29/2009,29.11,29.11,29.11,29.11
12/28/2009,29.09,29.09,29.09,29.09
12/24/2009,29.12,29.12,29.12,29.12
12/23/2009,28.96,28.96,28.96,28.96
12/22/2009,28.62,28.62,28.62,28.62
12/21/2009,28.42,28.42,28.42,28.42
12/18/2009,28.32,28.32,28.32,28.32
12/17/2009,28.09,28.09,28.09,28.09
12/16/2009,28.38,28.38,28.38,28.38
12/15/2009,28.22,28.22,28.22,28.22
12/14/2009,28.43,28.43,28.43,28.43
12/11/2009,27.98,27.98,27.98,27.98
12/10/2009,27.74,27.74,27.74,27.74
12/9/2009,27.85,27.85,27.85,27.85
12/8/2009,27.82,27.82,27.82,27.82
12/7/2009,28.07,28.07,28.07,28.07
12/4/2009,28.05,28.05,28.05,28.05
12/3/2009,27.42,27.42,27.42,27.42
12/2/2009,27.75,27.75,27.75,27.75
12/1/2009,27.4,27.4,27.4,27.4
11/30/2009,26.95,26.95,26.95,26.95
11/27/2009,26.85,26.85,26.85,26.85
11/25/2009,27.53,27.53,27.53,27.53
11/24/2009,27.52,27.52,27.52,27.52
11/23/2009,27.66,27.66,27.66,27.66
11/20/2009,27.16,27.16,27.16,27.16
11/19/2009,27.18,27.18,27.18,27.18
11/18/2009,27.85,27.85,27.85,27.85
11/17/2009,27.93,27.93,27.93,27.93
11/16/2009,28.01,28.01,28.01,28.01
11/13/2009,27.22,27.22,27.22,27.22
11/12/2009,27.01,27.01,27.01,27.01
11/11/2009,27.52,27.52,27.52,27.52
11/10/2009,27.27,27.27,27.27,27.27
11/9/2009,27.45,27.45,27.45,27.45
11/6/2009,26.87,26.87,26.87,26.87
11/5/2009,26.95,26.95,26.95,26.95
11/4/2009,26.11,26.11,26.11,26.11
11/3/2009,26.49,26.49,26.49,26.49
11/2/2009,26.07,26.07,26.07,26.07
10/30/2009,26.08,26.08,26.08,26.08
10/29/2009,26.86,26.86,26.86,26.86
10/28/2009,26.24,26.24,26.24,26.24
10/27/2009,27.18,27.18,27.18,27.18
10/26/2009,27.57,27.57,27.57,27.57
10/23/2009,27.91,27.91,27.91,27.91
10/22/2009,28.5,28.5,28.5,28.5
10/21/2009,28.1,28.1,28.1,28.1
10/20/2009,28.47,28.47,28.47,28.47
10/19/2009,28.85,28.85,28.85,28.85
10/16/2009,28.53,28.53,28.53,28.53
10/15/2009,28.82,28.82,28.82,28.82
10/14/2009,28.82,28.82,28.82,28.82
10/13/2009,28.24,28.24,28.24,28.24
10/12/2009,28.36,28.36,28.36,28.36
10/9/2009,28.39,28.39,28.39,28.39
10/8/2009,28.08,28.08,28.08,28.08
10/7/2009,27.79,27.79,27.79,27.79
10/6/2009,27.81,27.81,27.81,27.81
10/5/2009,27.3,27.3,27.3,27.3
10/2/2009,26.81,26.81,26.81,26.81
10/1/2009,27.02,27.02,27.02,27.02
9/30/2009,27.93,27.93,27.93,27.93
9/29/2009,28.23,28.23,28.23,28.23
9/28/2009,28.33,28.33,28.33,28.33
9/25/2009,27.73,27.73,27.73,27.73
9/24/2009,27.86,27.86,27.86,27.86
9/23/2009,28.34,28.34,28.34,28.34
9/22/2009,28.66,28.66,28.66,28.66
9/21/2009,28.46,28.46,28.46,28.46
9/18/2009,28.51,28.51,28.51,28.51
9/17/2009,28.43,28.43,28.43,28.43
9/16/2009,28.5,28.5,28.5,28.5
9/15/2009,28.01,28.01,28.01,28.01
9/14/2009,27.79,27.79,27.79,27.79
9/11/2009,27.55,27.55,27.55,27.55
9/10/2009,27.63,27.63,27.63,27.63
9/9/2009,27.2,27.2,27.2,27.2
9/8/2009,26.65,26.65,26.65,26.65
9/4/2009,26.45,26.45,26.45,26.45
9/3/2009,26.1,26.1,26.1,26.1
9/2/2009,25.8,25.8,25.8,25.8
9/1/2009,25.9,25.9,25.9,25.9
8/31/2009,26.52,26.52,26.52,26.52
8/28/2009,26.91,26.91,26.91,26.91
8/27/2009,27.06,27.06,27.06,27.06
8/26/2009,27.05,27.05,27.05,27.05
8/25/2009,27.02,27.02,27.02,27.02
8/24/2009,26.8,26.8,26.8,26.8
8/21/2009,26.85,26.85,26.85,26.85
8/20/2009,26.29,26.29,26.29,26.29
8/19/2009,25.9,25.9,25.9,25.9
8/18/2009,25.72,25.72,25.72,25.72
8/17/2009,25.37,25.37,25.37,25.37
8/14/2009,26.08,26.08,26.08,26.08
8/13/2009,26.52,26.52,26.52,26.52
8/12/2009,26.38,26.38,26.38,26.38
8/11/2009,25.95,25.95,25.95,25.95
8/10/2009,26.37,26.37,26.37,26.37
8/7/2009,26.42,26.42,26.42,26.42
8/6/2009,25.71,25.71,25.71,25.71
8/5/2009,26.1,26.1,26.1,26.1
8/4/2009,26.32,26.32,26.32,26.32
8/3/2009,26.15,26.15,26.15,26.15
7/31/2009,25.72,25.72,25.72,25.72
7/30/2009,25.73,25.73,25.73,25.73
7/29/2009,25.35,25.35,25.35,25.35
7/28/2009,25.51,25.51,25.51,25.51
7/27/2009,25.42,25.42,25.42,25.42
7/24/2009,25.32,25.32,25.32,25.32
7/23/2009,25.21,25.21,25.21,25.21
7/22/2009,24.5,24.5,24.5,24.5
7/21/2009,24.36,24.36,24.36,24.36
7/20/2009,24.35,24.35,24.35,24.35
7/17/2009,23.94,23.94,23.94,23.94
7/16/2009,24.03,24.03,24.03,24.03
7/15/2009,23.77,23.77,23.77,23.77
7/14/2009,22.91,22.91,22.91,22.91
7/13/2009,22.77,22.77,22.77,22.77
7/10/2009,22.24,22.24,22.24,22.24
7/9/2009,22.13,22.13,22.13,22.13
7/8/2009,22.11,22.11,22.11,22.11
7/7/2009,22.23,22.23,22.23,22.23
7/6/2009,22.61,22.61,22.61,22.61
7/2/2009,22.76,22.76,22.76,22.76
7/1/2009,23.65,23.65,23.65,23.65
6/30/2009,23.28,23.28,23.28,23.28
6/29/2009,23.34,23.34,23.34,23.34
6/26/2009,23.36,23.36,23.36,23.36
6/25/2009,23.11,23.11,23.11,23.11
6/24/2009,22.51,22.51,22.51,22.51
6/23/2009,22.26,22.26,22.26,22.26
6/22/2009,22.42,22.42,22.42,22.42
6/19/2009,23.33,23.33,23.33,23.33
6/18/2009,23.21,23.21,23.21,23.21
6/17/2009,23.07,23.07,23.07,23.07
6/16/2009,22.95,22.95,22.95,22.95
6/15/2009,23.31,23.31,23.31,23.31
6/12/2009,24,24,24,24
6/11/2009,24.04,24.04,24.04,24.04
6/10/2009,23.92,23.92,23.92,23.92
6/9/2009,24.1,24.1,24.1,24.1
6/8/2009,23.96,23.96,23.96,23.96
6/5/2009,24.19,24.19,24.19,24.19
6/4/2009,24.26,24.26,24.26,24.26
6/3/2009,23.89,23.89,23.89,23.89
6/2/2009,24.13,24.13,24.13,24.13
6/1/2009,23.92,23.92,23.92,23.92
5/29/2009,23.07,23.07,23.07,23.07
5/28/2009,22.68,22.68,22.68,22.68
5/27/2009,22.55,22.55,22.55,22.55
5/26/2009,22.99,22.99,22.99,22.99
5/22/2009,21.94,21.94,21.94,21.94
5/21/2009,22.12,22.12,22.12,22.12
5/20/2009,22.41,22.41,22.41,22.41
5/19/2009,22.65,22.65,22.65,22.65
5/18/2009,22.71,22.71,22.71,22.71
5/15/2009,21.91,21.91,21.91,21.91
5/14/2009,22.11,22.11,22.11,22.11
5/13/2009,21.69,21.69,21.69,21.69
5/12/2009,22.74,22.74,22.74,22.74
5/11/2009,23.07,23.07,23.07,23.07
5/8/2009,23.57,23.57,23.57,23.57
5/7/2009,22.76,22.76,22.76,22.76
5/6/2009,23.21,23.21,23.21,23.21
5/5/2009,23.12,23.12,23.12,23.12
5/4/2009,23.31,23.31,23.31,23.31
5/1/2009,22.44,22.44,22.44,22.44
4/30/2009,22.44,22.44,22.44,22.44
4/29/2009,22.67,22.67,22.67,22.67
4/28/2009,21.78,21.78,21.78,21.78
4/27/2009,21.68,21.68,21.68,21.68
4/24/2009,22.16,22.16,22.16,22.16
4/23/2009,21.63,21.63,21.63,21.63
4/22/2009,21.78,21.78,21.78,21.78
4/21/2009,21.69,21.69,21.69,21.69
4/20/2009,20.9,20.9,20.9,20.9
4/17/2009,22.15,22.15,22.15,22.15
4/16/2009,21.89,21.89,21.89,21.89
4/15/2009,21.32,21.32,21.32,21.32
4/14/2009,20.95,20.95,20.95,20.95
4/13/2009,21.7,21.7,21.7,21.7
4/9/2009,21.7,21.7,21.7,21.7
4/8/2009,20.41,20.41,20.41,20.41
4/7/2009,19.88,19.88,19.88,19.88
4/6/2009,20.59,20.59,20.59,20.59
4/3/2009,21.07,21.07,21.07,21.07
4/2/2009,20.79,20.79,20.79,20.79
4/1/2009,19.74,19.74,19.74,19.74
3/31/2009,19.45,19.45,19.45,19.45
3/30/2009,19.15,19.15,19.15,19.15
3/27/2009,19.8,19.8,19.8,19.8
3/26/2009,20.47,20.47,20.47,20.47
3/25/2009,19.59,19.59,19.59,19.59
3/24/2009,19.16,19.16,19.16,19.16
3/23/2009,19.93,19.93,19.93,19.93
3/20/2009,18.42,18.42,18.42,18.42
3/19/2009,19.08,19.08,19.08,19.08
3/18/2009,19.3,19.3,19.3,19.3
3/17/2009,18.66,18.66,18.66,18.66
3/16/2009,17.89,17.89,17.89,17.89
3/13/2009,18.2,18.2,18.2,18.2
3/12/2009,18.04,18.04,18.04,18.04
3/11/2009,17.03,17.03,17.03,17.03
3/10/2009,17.14,17.14,17.14,17.14
3/9/2009,16.04,16.04,16.04,16.04
3/6/2009,16.42,16.42,16.42,16.42
3/5/2009,16.39,16.39,16.39,16.39
3/4/2009,17.4,17.4,17.4,17.4
3/3/2009,16.92,16.92,16.92,16.92
3/2/2009,17.25,17.25,17.25,17.25
2/27/2009,18.25,18.25,18.25,18.25
2/26/2009,18.49,18.49,18.49,18.49
2/25/2009,18.98,18.98,18.98,18.98
2/24/2009,19.55,19.55,19.55,19.55
2/23/2009,18.7,18.7,18.7,18.7
2/20/2009,19.47,19.47,19.47,19.47
2/19/2009,19.83,19.83,19.83,19.83
2/18/2009,20.12,20.12,20.12,20.12
2/17/2009,20.42,20.42,20.42,20.42
2/13/2009,21.31,21.31,21.31,21.31
2/12/2009,21.45,21.45,21.45,21.45
2/11/2009,21.28,21.28,21.28,21.28
2/10/2009,21.12,21.12,21.12,21.12
2/9/2009,22.14,22.14,22.14,22.14
2/6/2009,22.26,22.26,22.26,22.26
2/5/2009,21.51,21.51,21.51,21.51
2/4/2009,21.17,21.17,21.17,21.17
2/3/2009,21.3,21.3,21.3,21.3
2/2/2009,21.1,21.1,21.1,21.1
1/30/2009,20.9,20.9,20.9,20.9
1/29/2009,21.33,21.33,21.33,21.33
1/28/2009,22.28,22.28,22.28,22.28
1/27/2009,21.42,21.42,21.42,21.42
1/26/2009,21.16,21.16,21.16,21.16
1/23/2009,20.93,20.93,20.93,20.93
1/22/2009,20.88,20.88,20.88,20.88
1/21/2009,21.55,21.55,21.55,21.55
1/20/2009,20.56,20.56,20.56,20.56
1/16/2009,22.13,22.13,22.13,22.13
1/15/2009,21.93,21.93,21.93,21.93
1/14/2009,21.53,21.53,21.53,21.53
1/13/2009,22.49,22.49,22.49,22.49
1/12/2009,22.17,22.17,22.17,22.17
1/9/2009,22.69,22.69,22.69,22.69
1/8/2009,23.62,23.62,23.62,23.62
1/7/2009,23.47,23.47,23.47,23.47
1/6/2009,24.26,24.26,24.26,24.26
1/5/2009,23.74,23.74,23.74,23.74
1/2/2009,23.85,23.85,23.85,23.85
12/31/2008,23.55,23.55,23.55,23.55
12/30/2008,22.81,22.81,22.81,22.81
12/29/2008,21.96,21.96,21.96,21.96
12/26/2008,22.42,22.42,22.42,22.42
12/24/2008,22.1,22.1,22.1,22.1
12/23/2008,21.92,21.92,21.92,21.92
12/22/2008,22.26,22.26,22.26,22.26
12/19/2008,22.91,22.91,22.91,22.91
12/18/2008,22.56,22.56,22.56,22.56
12/17/2008,25.27,25.27,25.27,25.27
12/16/2008,25.07,25.07,25.07,25.07
12/15/2008,23.5,23.5,23.5,23.5
12/12/2008,24.35,24.35,24.35,24.35
12/11/2008,23.41,23.41,23.41,23.41
12/10/2008,24.68,24.68,24.68,24.68
12/9/2008,24.2,24.2,24.2,24.2
12/8/2008,24.98,24.98,24.98,24.98
12/5/2008,24.04,24.04,24.04,24.04
12/4/2008,23.02,23.02,23.02,23.02
12/3/2008,23.78,23.78,23.78,23.78
12/2/2008,23.14,23.14,23.14,23.14
12/1/2008,21.98,21.98,21.98,21.98
11/28/2008,24.71,24.71,24.71,24.71
11/26/2008,24.51,24.51,24.51,24.51
11/25/2008,23.14,23.14,23.14,23.14
11/24/2008,22.84,22.84,22.84,22.84
11/21/2008,21.4,21.4,21.4,21.4
11/20/2008,20.25,20.25,20.25,20.25
11/19/2008,21.61,21.61,21.61,21.61
11/18/2008,23.38,23.38,23.38,23.38
11/17/2008,23.53,23.53,23.53,23.53
11/14/2008,23.82,23.82,23.82,23.82
11/13/2008,25.57,25.57,25.57,25.57
11/12/2008,23.69,23.69,23.69,23.69
11/11/2008,25.08,25.08,25.08,25.08
11/10/2008,25.61,25.61,25.61,25.61
11/7/2008,26.22,26.22,26.22,26.22
11/6/2008,25.78,25.78,25.78,25.78
11/5/2008,26.82,26.82,26.82,26.82
11/4/2008,28.45,28.45,28.45,28.45
11/3/2008,28.08,28.08,28.08,28.08
10/31/2008,28.17,28.17,28.17,28.17
10/30/2008,26.9,26.9,26.9,26.9
10/29/2008,25.69,25.69,25.69,25.69
10/28/2008,25.22,25.22,25.22,25.22
10/27/2008,23.48,23.48,23.48,23.48
10/24/2008,24.59,24.59,24.59,24.59
10/23/2008,25.62,25.62,25.62,25.62
10/22/2008,26.26,26.26,26.26,26.26
10/21/2008,27.68,27.68,27.68,27.68
10/20/2008,28.41,28.41,28.41,28.41
10/17/2008,27.37,27.37,27.37,27.37
10/16/2008,27.98,27.98,27.98,27.98
10/15/2008,26.21,26.21,26.21,26.21
10/14/2008,28.97,28.97,28.97,28.97
10/13/2008,29.77,29.77,29.77,29.77
10/10/2008,27.29,27.29,27.29,27.29
10/9/2008,26.26,26.26,26.26,26.26
10/8/2008,28.65,28.65,28.65,28.65
10/7/2008,29.34,29.34,29.34,29.34
10/6/2008,31.29,31.29,31.29,31.29
10/3/2008,32.34,32.34,32.34,32.34
10/2/2008,33.22,33.22,33.22,33.22
10/1/2008,35.01,35.01,35.01,35.01
9/30/2008,35.49,35.49,35.49,35.49
9/29/2008,34.33,34.33,34.33,34.33
9/26/2008,36.75,36.75,36.75,36.75
9/25/2008,36.71,36.71,36.71,36.71
9/24/2008,36.26,36.26,36.26,36.26
9/23/2008,36.81,36.81,36.81,36.81
9/22/2008,37.33,37.33,37.33,37.33
9/19/2008,38.93,38.93,38.93,38.93
9/18/2008,37.11,37.11,37.11,37.11
9/17/2008,35.25,35.25,35.25,35.25
9/16/2008,37.28,37.28,37.28,37.28
9/15/2008,36.25,36.25,36.25,36.25
9/12/2008,37.9,37.9,37.9,37.9
9/11/2008,37.88,37.88,37.88,37.88
9/10/2008,37.72,37.72,37.72,37.72
9/9/2008,37.04,37.04,37.04,37.04
9/8/2008,38.27,38.27,38.27,38.27
9/5/2008,37.56,37.56,37.56,37.56
9/4/2008,37.48,37.48,37.48,37.48
9/3/2008,38.61,38.61,38.61,38.61
9/2/2008,38.48,38.48,38.48,38.48
8/29/2008,38.44,38.44,38.44,38.44
8/28/2008,38.81,38.81,38.81,38.81
8/27/2008,38.08,38.08,38.08,38.08
8/26/2008,37.59,37.59,37.59,37.59
8/25/2008,37.41,37.41,37.41,37.41
8/22/2008,38.24,38.24,38.24,38.24
8/21/2008,37.63,37.63,37.63,37.63
8/20/2008,38.04,38.04,38.04,38.04
8/19/2008,37.95,37.95,37.95,37.95
8/18/2008,38.57,38.57,38.57,38.57
8/15/2008,39.2,39.2,39.2,39.2
8/14/2008,39.2,39.2,39.2,39.2
8/13/2008,38.84,38.84,38.84,38.84
8/12/2008,38.71,38.71,38.71,38.71
8/11/2008,39.18,39.18,39.18,39.18
8/8/2008,38.31,38.31,38.31,38.31
8/7/2008,37.22,37.22,37.22,37.22
8/6/2008,37.91,37.91,37.91,37.91
8/5/2008,37.66,37.66,37.66,37.66
8/4/2008,36.73,36.73,36.73,36.73
8/1/2008,37.39,37.39,37.39,37.39
7/31/2008,37.19,37.19,37.19,37.19
7/30/2008,37.5,37.5,37.5,37.5
7/29/2008,37.27,37.27,37.27,37.27
7/28/2008,36.44,36.44,36.44,36.44
7/25/2008,37.05,37.05,37.05,37.05
7/24/2008,36.6,36.6,36.6,36.6
7/23/2008,37.5,37.5,37.5,37.5
7/22/2008,37.37,37.37,37.37,37.37
7/21/2008,36.41,36.41,36.41,36.41
7/18/2008,36.22,36.22,36.22,36.22
7/17/2008,36.38,36.38,36.38,36.38
7/16/2008,35.82,35.82,35.82,35.82
7/15/2008,34.62,34.62,34.62,34.62
7/14/2008,34.65,34.65,34.65,34.65
7/11/2008,35.11,35.11,35.11,35.11
7/10/2008,34.95,34.95,34.95,34.95
7/9/2008,34.64,34.64,34.64,34.64
7/8/2008,35.57,35.57,35.57,35.57
7/7/2008,34.34,34.34,34.34,34.34
7/3/2008,34.59,34.59,34.59,34.59
7/2/2008,34.86,34.86,34.86,34.86
7/1/2008,35.88,35.88,35.88,35.88
6/30/2008,35.78,35.78,35.78,35.78
6/27/2008,36.23,36.23,36.23,36.23
6/26/2008,36.27,36.27,36.27,36.27
6/25/2008,37.24,37.24,37.24,37.24
6/24/2008,36.8,36.8,36.8,36.8
6/23/2008,37.42,37.42,37.42,37.42
6/20/2008,37.75,37.75,37.75,37.75
6/19/2008,38.38,38.38,38.38,38.38
6/18/2008,37.99,37.99,37.99,37.99
6/17/2008,38.23,38.23,38.23,38.23
6/16/2008,38.46,38.46,38.46,38.46
6/13/2008,38.04,38.04,38.04,38.04
6/12/2008,37.25,37.25,37.25,37.25
6/11/2008,37.19,37.19,37.19,37.19
6/10/2008,38.01,38.01,38.01,38.01
6/9/2008,38.17,38.17,38.17,38.17
6/6/2008,38.48,38.48,38.48,38.48
6/5/2008,39.68,39.68,39.68,39.68
6/4/2008,38.76,38.76,38.76,38.76
6/3/2008,38.5,38.5,38.5,38.5
6/2/2008,38.62,38.62,38.62,38.62
5/30/2008,38.98,38.98,38.98,38.98
5/29/2008,38.82,38.82,38.82,38.82
5/28/2008,38.56,38.56,38.56,38.56
5/23/2008,37.71,37.71,37.71,37.71
5/22/2008,38.23,38.23,38.23,38.23
5/21/2008,37.88,37.88,37.88,37.88
5/20/2008,38.34,38.34,38.34,38.34
5/19/2008,38.48,38.48,38.48,38.48
5/16/2008,38.68,38.68,38.68,38.68
5/15/2008,38.83,38.83,38.83,38.83
5/14/2008,38.46,38.46,38.46,38.46
5/13/2008,38.52,38.52,38.52,38.52
5/12/2008,38.37,38.37,38.37,38.37
5/9/2008,37.62,37.62,37.62,37.62
5/8/2008,37.53,37.53,37.53,37.53
5/7/2008,37.34,37.34,37.34,37.34
5/6/2008,37.84,37.84,37.84,37.84
5/5/2008,37.64,37.64,37.64,37.64
5/2/2008,37.67,37.67,37.67,37.67
5/1/2008,37.78,37.78,37.78,37.78
4/30/2008,36.96,36.96,36.96,36.96
4/29/2008,37.14,37.14,37.14,37.14
4/28/2008,37.41,37.41,37.41,37.41
4/25/2008,37.36,37.36,37.36,37.36
4/24/2008,37.1,37.1,37.1,37.1
4/23/2008,36.74,36.74,36.74,36.74
4/22/2008,36.58,36.58,36.58,36.58
4/21/2008,37.45,37.45,37.45,37.45
4/18/2008,37.58,37.58,37.58,37.58
4/17/2008,36.82,36.82,36.82,36.82
4/16/2008,37.14,37.14,37.14,37.14
4/15/2008,36.01,36.01,36.01,36.01
4/14/2008,35.81,35.81,35.81,35.81
4/11/2008,35.84,35.84,35.84,35.84
4/10/2008,36.81,36.81,36.81,36.81
4/9/2008,36.32,36.32,36.32,36.32
4/8/2008,36.97,36.97,36.97,36.97
4/7/2008,37.01,37.01,37.01,37.01
4/4/2008,37.02,37.02,37.02,37.02
4/3/2008,36.98,36.98,36.98,36.98
4/2/2008,36.89,36.89,36.89,36.89
4/1/2008,36.82,36.82,36.82,36.82
3/31/2008,35.51,35.51,35.51,35.51
3/28/2008,35.28,35.28,35.28,35.28
3/27/2008,35.78,35.78,35.78,35.78
3/26/2008,36.21,36.21,36.21,36.21
3/25/2008,36.34,36.34,36.34,36.34
3/24/2008,36.17,36.17,36.17,36.17
3/20/2008,35.07,35.07,35.07,35.07
3/19/2008,34.19,34.19,34.19,34.19
3/18/2008,35.19,35.19,35.19,35.19
3/17/2008,33.56,33.56,33.56,33.56
3/14/2008,34.16,34.16,34.16,34.16
3/13/2008,35.07,35.07,35.07,35.07
3/12/2008,34.42,34.42,34.42,34.42
3/11/2008,34.71,34.71,34.71,34.71
3/10/2008,33.32,33.32,33.32,33.32
3/7/2008,34.25,34.25,34.25,34.25
3/6/2008,34.37,34.37,34.37,34.37
3/5/2008,35.48,35.48,35.48,35.48
3/4/2008,35.28,35.28,35.28,35.28
3/3/2008,35.43,35.43,35.43,35.43
2/29/2008,35.46,35.46,35.46,35.46
2/28/2008,36.51,36.51,36.51,36.51
2/27/2008,37.05,37.05,37.05,37.05
2/26/2008,37.11,37.11,37.11,37.11
2/25/2008,36.82,36.82,36.82,36.82
2/22/2008,35.88,35.88,35.88,35.88
2/21/2008,35.92,35.92,35.92,35.92
2/20/2008,36.69,36.69,36.69,36.69
2/19/2008,36.17,36.17,36.17,36.17
2/15/2008,35.98,35.98,35.98,35.98
2/14/2008,36.13,36.13,36.13,36.13
2/13/2008,36.9,36.9,36.9,36.9
2/12/2008,36.01,36.01,36.01,36.01
2/11/2008,35.66,35.66,35.66,35.66
2/8/2008,35.65,35.65,35.65,35.65
2/7/2008,35.83,35.83,35.83,35.83
2/6/2008,35.23,35.23,35.23,35.23
2/5/2008,35.62,35.62,35.62,35.62
2/4/2008,36.65,36.65,36.65,36.65
2/1/2008,37.05,37.05,37.05,37.05
1/31/2008,36.25,36.25,36.25,36.25
1/30/2008,35.26,35.26,35.26,35.26
1/29/2008,35.64,35.64,35.64,35.64
1/28/2008,35.42,35.42,35.42,35.42
1/25/2008,34.7,34.7,34.7,34.7
1/24/2008,34.92,34.92,34.92,34.92
1/23/2008,34.87,34.87,34.87,34.87
1/22/2008,33.76,33.76,33.76,33.76
1/18/2008,33.7,33.7,33.7,33.7
1/17/2008,34.04,34.04,34.04,34.04
1/16/2008,35.06,35.06,35.06,35.06
1/15/2008,34.98,34.98,34.98,34.98
1/14/2008,35.71,35.71,35.71,35.71
1/11/2008,35.23,35.23,35.23,35.23
1/10/2008,35.99,35.99,35.99,35.99
1/9/2008,35.71,35.71,35.71,35.71
1/8/2008,35.27,35.27,35.27,35.27
1/7/2008,36.31,36.31,36.31,36.31
1/4/2008,36.15,36.15,36.15,36.15
1/3/2008,37.35,37.35,37.35,37.35
1/2/2008,37.79,37.79,37.79,37.79
