Date,Close
12/29/2017,385.04
12/28/2017,385.51
12/27/2017,383.67
12/26/2017,382.46
12/25/2017,380.28
12/22/2017,380.28
12/21/2017,377.65
12/20/2017,379.01
12/19/2017,383.8
12/18/2017,392.23
12/15/2017,389.57
12/14/2017,386.91
12/13/2017,387.4
12/12/2017,386.83
12/11/2017,384.86
12/8/2017,385.07
12/7/2017,382.73
12/6/2017,381.85
12/5/2017,382.48
12/4/2017,385.97
12/1/2017,387.22
11/30/2017,386.39
11/29/2017,385.66
11/28/2017,384.94
11/27/2017,386.57
11/24/2017,388.66
11/23/2017,388.07
11/22/2017,388.07
11/21/2017,388.97
11/20/2017,386.13
11/17/2017,387.31
11/16/2017,388.65
11/15/2017,385.62
11/14/2017,389.5
11/13/2017,390.25
11/10/2017,388.29
11/9/2017,387.72
11/8/2017,387.1
11/7/2017,385.54
11/6/2017,382.1
11/3/2017,379.82
11/2/2017,380.6
11/1/2017,378.06
10/31/2017,376.45
10/30/2017,376.41
10/27/2017,377.13
10/26/2017,375.42
10/25/2017,378.19
10/24/2017,379.23
10/23/2017,381.75
10/20/2017,383.06
10/19/2017,385.07
10/18/2017,386.54
10/17/2017,387.16
10/16/2017,386.7
10/13/2017,388.41
10/12/2017,387.41
10/11/2017,385.41
10/10/2017,384.12
10/9/2017,383.04
10/6/2017,382.22
10/5/2017,383.68
10/4/2017,382.27
10/3/2017,380.38
10/2/2017,380.51
9/29/2017,381.11
9/28/2017,380.8
9/27/2017,378.25
9/26/2017,381.95
9/25/2017,381.35
9/22/2017,378.97
9/21/2017,381.27
9/20/2017,382.25
9/19/2017,383.28
9/18/2017,385.97
9/15/2017,387.76
9/14/2017,387.08
9/13/2017,383.69
9/12/2017,384.35
9/11/2017,388.95
9/8/2017,385.96
9/7/2017,385.28
9/6/2017,382.87
9/5/2017,381.94
9/4/2017,382.92
9/1/2017,382.92
8/31/2017,381.36
8/30/2017,379.26
8/29/2017,376.89
8/28/2017,377.39
8/25/2017,380.18
8/24/2017,378.58
8/23/2017,379.85
8/22/2017,376.27
8/21/2017,377.46
8/18/2017,373.32
8/17/2017,377.03
8/16/2017,379.42
8/15/2017,378.31
8/14/2017,379.85
8/11/2017,373.49
8/10/2017,375.92
8/9/2017,378.48
8/8/2017,379.96
8/7/2017,381.6
8/4/2017,381.99
8/3/2017,380.63
8/2/2017,381.32
8/1/2017,384.89
7/31/2017,383.12
7/28/2017,382.93
7/27/2017,384.09
7/26/2017,383.86
7/25/2017,381.36
7/24/2017,380.59
7/21/2017,381.24
7/20/2017,381.47
7/19/2017,383.62
7/18/2017,380.77
7/17/2017,381.43
7/14/2017,378.41
7/13/2017,374.6
7/12/2017,373.87
7/11/2017,369.41
7/10/2017,369.71
7/7/2017,373.93
7/6/2017,371.66
7/5/2017,379.01
7/4/2017,384.67
7/3/2017,384.67
6/30/2017,379.05
6/29/2017,379.58
6/28/2017,383.61
6/27/2017,382.95
6/26/2017,386.31
6/23/2017,383.89
6/22/2017,382
6/21/2017,381.78
6/20/2017,383.01
6/19/2017,383.95
6/16/2017,383.96
6/15/2017,384.77
6/14/2017,383.09
6/13/2017,382.28
6/12/2017,381.62
6/9/2017,377.97
6/8/2017,375.24
6/7/2017,375.89
6/6/2017,373.33
6/5/2017,375.14
6/2/2017,376.72
6/1/2017,373.11
5/31/2017,371.05
5/30/2017,370.71
5/29/2017,372.94
5/26/2017,372.94
5/25/2017,375.62
5/24/2017,375.74
5/23/2017,373.06
5/22/2017,372.53
5/19/2017,371.63
5/18/2017,369.45
5/17/2017,366.97
5/16/2017,365.55
5/15/2017,368.24
5/12/2017,367.15
5/11/2017,368.66
5/10/2017,370.64
5/9/2017,367.58
5/8/2017,369.66
5/5/2017,372.14
5/4/2017,369.02
5/3/2017,370.94
5/2/2017,376.14
5/1/2017,376.89
4/28/2017,374.54
4/27/2017,378.79
4/26/2017,379.82
4/25/2017,383.29
4/24/2017,381.59
4/21/2017,385.84
4/20/2017,387.43
4/19/2017,387.31
4/18/2017,388.07
4/17/2017,386.97
4/14/2017,382.25
4/13/2017,382.25
4/12/2017,383.18
4/11/2017,383.95
4/10/2017,381.17
4/7/2017,378.4
4/6/2017,378
4/5/2017,375.95
4/4/2017,375.55
4/3/2017,375.48
3/31/2017,374.68
3/30/2017,372.58
3/29/2017,371.72
3/28/2017,370.4
3/27/2017,368.76
3/24/2017,372.05
3/23/2017,372.35
3/22/2017,369.61
3/21/2017,369.82
3/20/2017,371.13
3/17/2017,372.03
3/16/2017,370.39
3/15/2017,371
3/14/2017,363.08
3/13/2017,363.4
3/10/2017,362.81
3/9/2017,363.98
3/8/2017,370.15
3/7/2017,376.98
3/6/2017,378.68
3/3/2017,380.77
3/2/2017,382.34
3/1/2017,384.37
2/28/2017,385.82
2/27/2017,388.61
2/24/2017,386.38
2/23/2017,384.64
2/22/2017,382.48
2/21/2017,383.78
2/20/2017,378.69
2/17/2017,378.69
2/16/2017,377.82
2/15/2017,375.37
2/14/2017,376.78
2/13/2017,378.85
2/10/2017,378.52
2/9/2017,375.75
2/8/2017,375.05
2/7/2017,371.98
2/6/2017,373.31
2/3/2017,374.01
2/2/2017,371.81
2/1/2017,367.49
1/31/2017,372.21
1/30/2017,369.23
1/27/2017,371.71
1/26/2017,375.67
1/25/2017,376.39
1/24/2017,378.88
1/23/2017,378.94
1/20/2017,375.78
1/19/2017,372.99
1/18/2017,377.07
1/17/2017,376.53
1/16/2017,373.61
1/13/2017,373.61
1/12/2017,374.15
1/11/2017,372.31
1/10/2017,374.69
1/9/2017,377.99
1/6/2017,381.7
1/5/2017,381.86
1/4/2017,380.7
1/3/2017,375.06
1/2/2017,373.66
12/30/2016,373.66
12/29/2016,369.1
12/28/2016,364.68
12/27/2016,367.2
12/26/2016,366.56
12/23/2016,366.56
12/22/2016,365.72
12/21/2016,366.24
12/20/2016,371.82
12/19/2016,371.2
12/16/2016,367.37
12/15/2016,361.38
12/14/2016,363.5
12/13/2016,372.03
12/12/2016,372.09
12/9/2016,369.89
12/8/2016,370.48
12/7/2016,368.36
12/6/2016,360.95
12/5/2016,358.82
12/2/2016,355.98
12/1/2016,352.24
11/30/2016,357.62
11/29/2016,361.51
11/28/2016,358.2
11/25/2016,356.54
11/24/2016,354.64
11/23/2016,354.64
11/22/2016,355.91
11/21/2016,350
11/18/2016,350.72
11/17/2016,349.93
11/16/2016,353.66
11/15/2016,354.28
11/14/2016,357.85
11/11/2016,349.66
11/10/2016,347.12
11/9/2016,352.68
11/8/2016,358.21
11/7/2016,356.4
11/4/2016,350.56
11/3/2016,348.02
11/2/2016,350.19
11/1/2016,355.5
10/31/2016,363.62
10/28/2016,357.53
10/27/2016,356.59
10/26/2016,366.1
10/25/2016,370.94
10/24/2016,371.91
10/21/2016,370.8
10/20/2016,372.27
10/19/2016,373.21
10/18/2016,372.36
10/17/2016,370.04
10/14/2016,369.32
10/13/2016,370.87
10/12/2016,368.11
10/11/2016,363.97
10/10/2016,367.68
10/7/2016,365.39
10/6/2016,366.02
10/5/2016,366.02
10/4/2016,373.71
10/3/2016,379.19
9/30/2016,386.29
9/29/2016,388.86
9/28/2016,394.36
9/27/2016,391.2
9/26/2016,395.39
9/23/2016,394.48
9/22/2016,393.59
9/21/2016,386.41
9/20/2016,381.57
9/19/2016,381.83
9/16/2016,378.41
9/15/2016,378.25
9/14/2016,376.9
9/13/2016,375.43
9/12/2016,385.41
9/9/2016,380.96
9/8/2016,396.62
9/7/2016,401.7
9/6/2016,399.09
9/5/2016,396.34
9/2/2016,396.34
9/1/2016,393.05
8/31/2016,393.99
8/30/2016,393.63
8/29/2016,394.32
8/26/2016,390.41
8/25/2016,394.34
8/24/2016,392.39
8/23/2016,394.39
8/22/2016,394.09
8/19/2016,392.23
8/18/2016,394.87
8/17/2016,396.03
8/16/2016,394.57
8/15/2016,399.29
8/12/2016,399.74
8/11/2016,398.04
8/10/2016,402.75
8/9/2016,403.16
8/8/2016,401.16
8/5/2016,400.51
8/4/2016,400.22
8/3/2016,401.89
8/2/2016,404.17
8/1/2016,410.98
7/29/2016,409.77
7/28/2016,404.37
7/27/2016,400.74
7/26/2016,404.2
7/25/2016,406.19
7/22/2016,406.67
7/21/2016,403.23
7/20/2016,402.22
7/19/2016,402.24
7/18/2016,400.12
7/15/2016,399.1
7/14/2016,398.99
7/13/2016,402.42
7/12/2016,400.38
7/11/2016,400.4
7/8/2016,397.58
7/7/2016,391.35
7/6/2016,395.58
7/5/2016,396.92
7/4/2016,392.89
7/1/2016,392.89
6/30/2016,392.5
6/29/2016,388.56
6/28/2016,383.82
6/27/2016,375.96
6/24/2016,375.59
6/23/2016,378.86
6/22/2016,376.89
6/21/2016,377.66
6/20/2016,375.99
6/17/2016,375.87
6/16/2016,376.22
6/15/2016,374.1
6/14/2016,370.61
6/13/2016,371.62
6/10/2016,371.74
6/9/2016,373.4
6/8/2016,372.49
6/7/2016,370
6/6/2016,367.97
6/3/2016,370.95
6/2/2016,369.53
6/1/2016,367.78
5/31/2016,367.58
5/30/2016,367.37
5/27/2016,367.37
5/26/2016,365.56
5/25/2016,364.78
5/24/2016,364.86
5/23/2016,360.68
5/20/2016,360.91
5/19/2016,357.95
5/18/2016,362.14
5/17/2016,367.73
5/16/2016,374.93
5/13/2016,371.21
5/12/2016,374.87
5/11/2016,372.44
5/10/2016,381.16
5/9/2016,381.14
5/6/2016,377.24
5/5/2016,373.16
5/4/2016,372.01
5/3/2016,366.47
5/2/2016,366.09
4/29/2016,359.92
4/28/2016,363.58
4/27/2016,364.25
4/26/2016,365
4/25/2016,363.7
4/22/2016,360.45
4/21/2016,356.65
4/20/2016,363.2
4/19/2016,369.64
4/18/2016,369.34
4/15/2016,367.61
4/14/2016,364.85
4/13/2016,367.05
4/12/2016,368.62
4/11/2016,365.77
4/8/2016,366.75
4/7/2016,364.44
4/6/2016,366.85
4/5/2016,366.03
4/4/2016,368.16
4/1/2016,368.79
3/31/2016,369.41
3/30/2016,367.08
3/29/2016,368.13
3/28/2016,360.39
3/25/2016,357.11
3/24/2016,357.11
3/23/2016,356.91
3/22/2016,359.06
3/21/2016,359.03
3/18/2016,362.51
3/17/2016,364.12
3/16/2016,358.79
3/15/2016,354.64
3/14/2016,354.57
3/11/2016,354.65
3/10/2016,346.66
3/9/2016,348.35
3/8/2016,346.45
3/7/2016,350.02
3/4/2016,348.68
3/3/2016,348.74
3/2/2016,347.37
3/1/2016,344.53
2/29/2016,335.02
2/26/2016,336.03
2/25/2016,338.11
2/24/2016,331.36
2/23/2016,331.71
2/22/2016,332.63
2/19/2016,329.36
2/18/2016,327.61
2/17/2016,324.58
2/16/2016,321.63
2/15/2016,315.91
2/12/2016,315.91
2/11/2016,312.68
2/10/2016,316.96
2/9/2016,314.87
2/8/2016,320.92
2/5/2016,329.95
2/4/2016,336.23
2/3/2016,335.99
2/2/2016,333.33
2/1/2016,336.72
1/29/2016,336.3
1/28/2016,329.61
1/27/2016,332.22
1/26/2016,338.86
1/25/2016,331.51
1/22/2016,333.79
1/21/2016,324.94
1/20/2016,322.64
1/19/2016,332.06
1/18/2016,329.98
1/15/2016,329.98
1/14/2016,332.14
1/13/2016,332.75
1/12/2016,337.53
1/11/2016,340.15
1/8/2016,337.98
1/7/2016,342.89
1/6/2016,349.57
1/5/2016,351.03
1/4/2016,344.11
1/1/2016,348.5
12/31/2015,348.5
12/30/2015,351.53
12/29/2015,353.12
12/28/2015,349.41
12/25/2015,347.51
12/24/2015,347.51
12/23/2015,347.56
12/22/2015,343.86
12/21/2015,342.77
12/18/2015,341.59
12/17/2015,345.51
12/16/2015,347.01
12/15/2015,340.37
12/14/2015,336.63
12/11/2015,335.39
12/10/2015,335.61
12/9/2015,338.2
12/8/2015,340.23
12/7/2015,340.52
12/4/2015,341.58
12/3/2015,334.94
12/2/2015,340.23
12/1/2015,347.61
11/30/2015,342.8
11/27/2015,345.6
11/26/2015,342.61
11/25/2015,342.61
11/24/2015,340.96
11/23/2015,342.65
11/20/2015,342
11/19/2015,338.2
11/18/2015,336.89
11/17/2015,333.58
11/16/2015,333.54
11/13/2015,329.92
11/12/2015,333.77
11/11/2015,336.33
11/10/2015,335.79
11/9/2015,332.14
11/6/2015,338.06
11/5/2015,348.89
11/4/2015,347.4
11/3/2015,348.84
11/2/2015,352.32
10/30/2015,345.13
10/29/2015,348.52
10/28/2015,349.03
10/27/2015,348.65
10/26/2015,348.54
10/23/2015,348.69
10/22/2015,352.44
10/21/2015,349.33
10/20/2015,350.56
10/19/2015,350.6
10/16/2015,345.72
10/15/2015,343.29
10/14/2015,338.65
10/13/2015,341.34
10/12/2015,344.08
10/9/2015,341.93
10/8/2015,342.44
10/7/2015,339.67
10/6/2015,335.6
10/5/2015,336.63
10/2/2015,330.84
10/1/2015,328.31
9/30/2015,326.81
9/29/2015,324.41
9/28/2015,320.5
9/25/2015,326.14
9/24/2015,324.6
9/23/2015,327.63
9/22/2015,325.28
9/21/2015,329.7
9/18/2015,326.81
9/17/2015,327.53
9/16/2015,323.86
9/15/2015,320.14
9/14/2015,317.11
9/11/2015,316.96
9/10/2015,311.13
9/9/2015,310.32
9/8/2015,314.18
9/7/2015,309.39
9/4/2015,309.39
9/3/2015,315.67
9/2/2015,314.9
9/1/2015,311.58
8/31/2015,317.66
8/28/2015,325.05
8/27/2015,325.52
8/26/2015,319.47
8/25/2015,311.06
8/24/2015,319.5
8/21/2015,335.38
8/20/2015,341.62
8/19/2015,343.99
8/18/2015,346.23
8/17/2015,345.58
8/14/2015,342.44
8/13/2015,340.67
8/12/2015,340.34
8/11/2015,339.23
8/10/2015,336.79
8/7/2015,338.02
8/6/2015,336.9
8/5/2015,336.3
8/4/2015,338.57
8/3/2015,340.96
7/31/2015,339.01
7/30/2015,336.35
7/29/2015,338.05
7/28/2015,335.96
7/27/2015,335.53
7/24/2015,335
7/23/2015,333.89
7/22/2015,337.99
7/21/2015,336.61
7/20/2015,337.62
7/17/2015,337.08
7/16/2015,338.39
7/15/2015,335.66
7/14/2015,335.18
7/13/2015,334.34
7/10/2015,333.82
7/9/2015,331.18
7/8/2015,332.56
7/7/2015,333.92
7/6/2015,328.84
7/3/2015,326.98
7/2/2015,326.98
7/1/2015,326.08
6/30/2015,321.14
6/29/2015,320.78
6/26/2015,325.96
6/25/2015,323.9
6/24/2015,327.22
6/23/2015,329.16
6/22/2015,331.76
6/19/2015,335.11
6/18/2015,337.9
6/17/2015,333.2
6/16/2015,330.56
6/15/2015,327.93
6/12/2015,329.66
6/11/2015,330.22
6/10/2015,328.25
6/9/2015,325.73
6/8/2015,328.06
6/5/2015,328.72
6/4/2015,332.37
6/3/2015,333.19
6/2/2015,337.88
6/1/2015,340.92
5/29/2015,336.96
5/28/2015,340.47
5/27/2015,341.53
5/26/2015,338.14
5/25/2015,340.81
5/22/2015,340.81
5/21/2015,340.95
5/20/2015,342.74
5/19/2015,343.3
5/18/2015,344.23
5/15/2015,345.18
5/14/2015,341.91
5/13/2015,335.41
5/12/2015,338.61
5/11/2015,337.57
5/8/2015,342.84
5/7/2015,337.99
5/6/2015,332.97
5/5/2015,333.85
5/4/2015,341.41
5/1/2015,340.76
4/30/2015,338.03
4/29/2015,343.67
4/28/2015,350.72
4/27/2015,351.51
4/24/2015,351.73
4/23/2015,351.07
4/22/2015,350.5
4/21/2015,349.69
4/20/2015,348.99
4/17/2015,348.26
4/16/2015,350.29
4/15/2015,349.22
4/14/2015,351.74
4/13/2015,350.37
4/10/2015,351.64
4/9/2015,351.67
4/8/2015,359.18
4/7/2015,358.61
4/6/2015,364.97
4/3/2015,361.44
4/2/2015,361.44
4/1/2015,358.36
3/31/2015,359.24
3/30/2015,362.23
3/27/2015,357.24
3/26/2015,356.48
3/25/2015,358.6
3/24/2015,365.08
3/23/2015,368.4
3/20/2015,368.7
3/19/2015,359.78
3/18/2015,360.1
3/17/2015,352.8
3/16/2015,353.13
3/13/2015,349.09
3/12/2015,349.54
3/11/2015,343.5
3/10/2015,343.23
3/9/2015,343.68
3/6/2015,340.76
3/5/2015,352.38
3/4/2015,351.31
3/3/2015,354.9
3/2/2015,355.73
2/27/2015,353.6
2/26/2015,350.76
2/25/2015,354.61
2/24/2015,354.4
2/23/2015,361.79
2/20/2015,358.74
2/19/2015,355.29
2/18/2015,363.26
2/17/2015,359.96
2/16/2015,360.69
2/13/2015,360.69
2/12/2015,363.27
2/11/2015,358.96
2/10/2015,359.89
2/9/2015,358.79
2/6/2015,361.25
2/5/2015,372.11
2/4/2015,367.72
2/3/2015,369.25
2/2/2015,366.13
1/30/2015,366.74
1/29/2015,374.6
1/28/2015,373.48
1/27/2015,375.78
1/26/2015,376.11
1/23/2015,372.86
1/22/2015,373.9
1/21/2015,367.17
1/20/2015,367.56
1/19/2015,370.38
1/16/2015,370.38
1/15/2015,367.17
1/14/2015,366.2
1/13/2015,363.3
1/12/2015,363.9
1/9/2015,361.1
1/8/2015,360.85
1/7/2015,359.75
1/6/2015,354.36
1/5/2015,350.81
1/2/2015,348.94
1/1/2015,343.84
12/31/2014,343.84
12/30/2014,349.54
12/29/2014,349.89
12/26/2014,348.21
12/25/2014,346.96
12/24/2014,346.96
12/23/2014,348.37
12/22/2014,349.53
12/19/2014,343.92
12/18/2014,344.03
12/17/2014,341.67
12/16/2014,333.84
12/15/2014,334.41
12/12/2014,338.67
12/11/2014,341.56
12/10/2014,341.1
12/9/2014,341.48
12/8/2014,339.82
12/5/2014,337.89
12/4/2014,339.48
12/3/2014,338.66
12/2/2014,339.08
12/1/2014,337.15
11/28/2014,337.84
11/27/2014,337.02
11/26/2014,337.02
11/25/2014,333.58
11/24/2014,333.17
11/21/2014,332.21
11/20/2014,330.06
11/19/2014,329.05
11/18/2014,331.66
11/17/2014,330.37
11/14/2014,329.11
11/13/2014,331.83
11/12/2014,330.03
11/11/2014,332.34
11/10/2014,333.82
11/7/2014,330.99
11/6/2014,331.32
11/5/2014,334.04
11/4/2014,334.62
11/3/2014,334.14
10/31/2014,331.44
10/30/2014,327.24
10/29/2014,325.4
10/28/2014,327.13
10/27/2014,325.64
10/24/2014,323.4
10/23/2014,323.64
10/22/2014,320.92
10/21/2014,321.01
10/20/2014,318.02
10/17/2014,313.36
10/16/2014,312.84
10/15/2014,312.02
10/14/2014,313.47
10/13/2014,308.39
10/10/2014,308.15
10/9/2014,307.97
10/8/2014,308.3
10/7/2014,301.61
10/6/2014,303.98
10/3/2014,303.26
10/2/2014,301.43
10/1/2014,301.84
9/30/2014,301.58
9/29/2014,303.36
9/26/2014,303.53
9/25/2014,299.7
9/24/2014,301.08
9/23/2014,301.71
9/22/2014,304.24
9/19/2014,306.63
9/18/2014,306.23
9/17/2014,309.08
9/16/2014,309.1
9/15/2014,306.04
9/12/2014,307.4
9/11/2014,317.41
9/10/2014,317.16
9/9/2014,322.09
9/8/2014,324
9/5/2014,324.48
9/4/2014,320.96
9/3/2014,322.07
9/2/2014,321.53
9/1/2014,321.25
8/29/2014,321.25
8/28/2014,319.53
8/27/2014,319.91
8/26/2014,319.47
8/25/2014,318.96
8/22/2014,319.79
8/21/2014,322.34
8/20/2014,322.73
8/19/2014,321.44
8/18/2014,320.56
8/15/2014,317.3
8/14/2014,317.81
8/13/2014,317.95
8/12/2014,313.53
8/11/2014,314.17
8/8/2014,312.29
8/7/2014,310.38
8/6/2014,310.32
8/5/2014,310.42
8/4/2014,313.53
8/1/2014,311.63
7/31/2014,312.24
7/30/2014,316.94
7/29/2014,317.52
7/28/2014,319.11
7/25/2014,316.97
7/24/2014,319.58
7/23/2014,319.51
7/22/2014,318.98
7/21/2014,317.8
7/18/2014,319.05
7/17/2014,315.88
7/16/2014,317.6
7/15/2014,316.69
7/14/2014,316.38
7/11/2014,314.78
7/10/2014,314.76
7/9/2014,313.51
7/8/2014,313.11
7/7/2014,312.11
7/4/2014,311.48
7/3/2014,311.48
7/2/2014,312.98
7/1/2014,313.82
6/30/2014,312.31
6/27/2014,312.92
6/26/2014,310.68
6/25/2014,311.33
6/24/2014,311.66
6/23/2014,311.86
6/20/2014,312.95
6/19/2014,311.81
6/18/2014,309.54
6/17/2014,307.28
6/16/2014,306.62
6/13/2014,308.11
6/12/2014,307.28
6/11/2014,308.09
6/10/2014,308.89
6/9/2014,311.2
6/6/2014,315.12
6/5/2014,316.38
6/4/2014,310.7
6/3/2014,310.16
6/2/2014,310.32
5/30/2014,309.35
5/29/2014,307.84
5/28/2014,307.15
5/27/2014,309.24
5/26/2014,307
5/23/2014,307
5/22/2014,304.33
5/21/2014,304.96
5/20/2014,306.83
5/19/2014,307.84
5/16/2014,309.01
5/15/2014,306.12
5/14/2014,306.67
5/13/2014,306.49
5/12/2014,308.69
5/9/2014,307.48
5/8/2014,307.33
5/7/2014,306.8
5/6/2014,303.02
5/5/2014,304.2
5/2/2014,303.62
5/1/2014,303.56
4/30/2014,302.4
4/29/2014,301.19
4/28/2014,301.09
4/25/2014,298.52
4/24/2014,299.89
4/23/2014,298.49
4/22/2014,299.75
4/21/2014,299.12
4/18/2014,297.92
4/17/2014,297.92
4/16/2014,299.2
4/15/2014,297.06
4/14/2014,293.55
4/11/2014,291.86
4/10/2014,293.76
4/9/2014,296.56
4/8/2014,297.29
4/7/2014,295.61
4/4/2014,294.44
4/3/2014,293.47
4/2/2014,294.23
4/1/2014,293.92
3/31/2014,292.73
3/28/2014,290.44
3/27/2014,288.52
3/26/2014,286.91
3/25/2014,290.33
3/24/2014,287.78
3/21/2014,289.72
3/20/2014,286.94
3/19/2014,286.37
3/18/2014,292.19
3/17/2014,291.08
3/14/2014,290.48
3/13/2014,289.69
3/12/2014,290.99
3/11/2014,290.25
3/10/2014,288.47
3/7/2014,290.1
3/6/2014,293.16
3/5/2014,295.5
3/4/2014,296.2
3/3/2014,291.81
2/28/2014,291.61
2/27/2014,289.27
2/26/2014,289.87
2/25/2014,289.3
2/24/2014,288.38
2/21/2014,287.67
2/20/2014,287.15
2/19/2014,287.71
2/18/2014,287.51
2/17/2014,286.24
2/14/2014,286.24
2/13/2014,285.21
2/12/2014,283.9
2/11/2014,284.15
2/10/2014,282.83
2/7/2014,280.28
2/6/2014,278.19
2/5/2014,275.87
2/4/2014,276.47
2/3/2014,273.05
1/31/2014,277.95
1/30/2014,276.38
1/29/2014,272.12
1/28/2014,273.85
1/27/2014,271.25
1/24/2014,273.43
1/23/2014,276.8
1/22/2014,277.77
1/21/2014,276.82
1/20/2014,274.43
1/17/2014,274.43
1/16/2014,275.75
1/15/2014,275.02
1/14/2014,273.44
1/13/2014,271.3
1/10/2014,273.1
1/9/2014,269.68
1/8/2014,269.65
1/7/2014,270.62
1/6/2014,269.7
1/3/2014,268.56
1/2/2014,266.56
1/1/2014,267.03
12/31/2013,267.03
12/30/2013,268.41
12/27/2013,267.85
12/26/2013,267.96
12/25/2013,267.75
12/24/2013,267.75
12/23/2013,267.29
12/20/2013,267.06
12/19/2013,264.98
12/18/2013,268.96
12/17/2013,264.48
12/16/2013,263
12/13/2013,262.35
12/12/2013,261.25
12/11/2013,262.98
12/10/2013,269.41
12/9/2013,270.01
12/6/2013,269
12/5/2013,266.74
12/4/2013,265.93
12/3/2013,264.81
12/2/2013,265.21
11/29/2013,266.86
11/28/2013,269.65
11/27/2013,269.65
11/26/2013,267.09
11/25/2013,268
11/22/2013,269.49
11/21/2013,270.71
11/20/2013,268.69
11/19/2013,271.44
11/18/2013,273.58
11/15/2013,275.39
11/14/2013,274.41
11/13/2013,272.28
11/12/2013,270.51
11/11/2013,272.03
11/8/2013,271.76
11/7/2013,275.13
11/6/2013,278.95
11/5/2013,279.12
11/4/2013,283.97
11/1/2013,283.2
10/31/2013,281.67
10/30/2013,283.52
10/29/2013,285.82
10/28/2013,287.64
10/25/2013,289.85
10/24/2013,286.62
10/23/2013,286.29
10/22/2013,285.97
10/21/2013,283.17
10/18/2013,284.79
10/17/2013,285.45
10/16/2013,281.12
10/15/2013,276.03
10/14/2013,276.91
10/11/2013,277.04
10/10/2013,274.11
10/9/2013,267.31
10/8/2013,267.22
10/7/2013,270.05
10/4/2013,269.14
10/3/2013,269.24
10/2/2013,274.02
10/1/2013,273.79
9/30/2013,269.71
9/27/2013,272.62
9/26/2013,273.98
9/25/2013,272.46
9/24/2013,271.64
9/23/2013,273.88
9/20/2013,275.24
9/19/2013,280.11
9/18/2013,280.73
9/17/2013,271.43
9/16/2013,271.76
9/13/2013,268.82
9/12/2013,267.91
9/11/2013,269.88
9/10/2013,268.1
9/9/2013,268.19
9/6/2013,262.84
9/5/2013,258.6
9/4/2013,261.53
9/3/2013,259.55
9/2/2013,261.92
8/30/2013,261.92
8/29/2013,263.86
8/28/2013,263.69
8/27/2013,265.15
8/26/2013,266.27
8/23/2013,267.16
8/22/2013,264.26
8/21/2013,262.9
8/20/2013,263.29
8/19/2013,257.5
8/16/2013,260.75
8/15/2013,267.42
8/14/2013,272.82
8/13/2013,273.7
8/12/2013,277.71
8/9/2013,279.77
8/8/2013,277.12
8/7/2013,277.17
8/6/2013,277.96
8/5/2013,278.97
8/2/2013,279.35
8/1/2013,280.53
7/31/2013,281.86
7/30/2013,286.37
7/29/2013,287.26
7/26/2013,289.6
7/25/2013,289.34
7/24/2013,288.62
7/23/2013,294.73
7/22/2013,295.11
7/19/2013,293.74
7/18/2013,294.48
7/17/2013,291.89
7/16/2013,290.54
7/15/2013,290.51
7/12/2013,289.45
7/11/2013,291.02
7/10/2013,283.78
7/9/2013,284
7/8/2013,279.96
7/5/2013,279.67
7/4/2013,280.13
7/3/2013,280.13
7/2/2013,282.75
7/1/2013,278.36
6/28/2013,279.25
6/27/2013,280.81
6/26/2013,275.04
6/25/2013,271.43
6/24/2013,266.72
6/21/2013,268.14
6/20/2013,264.49
6/19/2013,275.97
6/18/2013,284.8
6/17/2013,283.51
6/14/2013,282.64
6/13/2013,281.41
6/12/2013,274.12
6/11/2013,278.07
6/10/2013,282.42
6/7/2013,284.62
6/6/2013,285.05
6/5/2013,280.3
6/4/2013,282.85
6/3/2013,286.74
5/31/2013,285.1
5/30/2013,288.94
5/29/2013,291.69
5/28/2013,297.99
5/27/2013,300.68
5/24/2013,300.68
5/23/2013,301.54
5/22/2013,306.88
5/21/2013,315
5/20/2013,312.96
5/17/2013,312.39
5/16/2013,310.48
5/15/2013,312.04
5/14/2013,309.35
5/13/2013,308.18
5/10/2013,306.71
5/9/2013,305.24
5/8/2013,307.53
5/7/2013,307.43
5/6/2013,305.79
5/3/2013,304.13
5/2/2013,303.03
5/1/2013,300.86
4/30/2013,303.33
4/29/2013,299.88
4/26/2013,297.46
4/25/2013,298.24
4/24/2013,299.43
4/23/2013,298.67
4/22/2013,296.96
4/19/2013,297.49
4/18/2013,292.9
4/17/2013,293.2
4/16/2013,296.72
4/15/2013,291.79
4/12/2013,297.89
4/11/2013,297.32
4/10/2013,295.36
4/9/2013,293.52
4/8/2013,293.76
4/5/2013,290.63
4/4/2013,289.65
4/3/2013,285.28
4/2/2013,286.08
4/1/2013,285.07
3/29/2013,284.38
3/28/2013,284.38
3/27/2013,283.21
3/26/2013,283.11
3/25/2013,280.75
3/22/2013,280.53
3/21/2013,278.9
3/20/2013,280.03
3/19/2013,278.92
3/18/2013,280.57
3/15/2013,282.1
3/14/2013,281.51
3/13/2013,279.67
3/12/2013,279.39
3/11/2013,280.52
3/8/2013,280.21
3/7/2013,279.83
3/6/2013,281.24
3/5/2013,281.98
3/4/2013,279.73
3/1/2013,277.82
2/28/2013,276.64
2/27/2013,277
2/26/2013,275.05
2/25/2013,273.08
2/22/2013,278.22
2/21/2013,275.47
2/20/2013,277.79
2/19/2013,279.47
2/18/2013,277.49
2/15/2013,277.49
2/14/2013,277.26
2/13/2013,278.38
2/12/2013,278.65
2/11/2013,276.59
2/8/2013,275.99
2/7/2013,273.57
2/6/2013,274.57
2/5/2013,273.81
2/4/2013,274.36
2/1/2013,275.01
1/31/2013,273.36
1/30/2013,275.12
1/29/2013,277.51
1/28/2013,277.05
1/25/2013,276.49
1/24/2013,274.71
1/23/2013,274.23
1/22/2013,274.31
1/21/2013,272.7
1/18/2013,272.7
1/17/2013,271.59
1/16/2013,270.84
1/15/2013,271.37
1/14/2013,269.87
1/11/2013,269.28
1/10/2013,269.4
1/9/2013,269.21
1/8/2013,268.33
1/7/2013,268.89
1/4/2013,268.22
1/3/2013,267.05
1/2/2013,267.02
1/1/2013,263.75
12/31/2012,263.75
12/28/2012,260.86
12/27/2012,262.79
12/26/2012,261.78
12/25/2012,263.24
12/24/2012,263.24
12/21/2012,262.67
12/20/2012,263.45
12/19/2012,259.82
12/18/2012,260.16
12/17/2012,257.82
12/14/2012,256.29
12/13/2012,256.31
12/12/2012,258.39
12/11/2012,259.1
12/10/2012,258.59
12/7/2012,258.59
12/6/2012,257.72
12/5/2012,255.29
12/4/2012,256.23
12/3/2012,255.79
11/30/2012,254.67
11/29/2012,253.97
11/28/2012,252.74
11/27/2012,253.23
11/26/2012,254.61
11/23/2012,254.15
11/22/2012,251.96
11/21/2012,251.96
11/20/2012,252.35
11/19/2012,250.91
11/16/2012,247.64
11/15/2012,245.94
11/14/2012,247.16
11/13/2012,252.13
11/12/2012,252.21
11/9/2012,252.72
11/8/2012,253.41
11/7/2012,256.48
11/6/2012,257.77
11/5/2012,256.74
11/2/2012,258.32
11/1/2012,256.57
10/31/2012,255.63
10/30/2012,253.09
10/29/2012,253.09
10/26/2012,253.09
10/25/2012,255.16
10/24/2012,256.27
10/23/2012,256.32
10/22/2012,258.73
10/19/2012,260.15
10/18/2012,262.13
10/17/2012,259.51
10/16/2012,260.29
10/15/2012,258.89
10/12/2012,256.96
10/11/2012,258.15
10/10/2012,258.3
10/9/2012,257.16
10/8/2012,257.99
10/5/2012,258.62
10/4/2012,258.13
10/3/2012,258.65
10/2/2012,257.82
10/1/2012,256.04
9/28/2012,257.92
9/27/2012,258.31
9/26/2012,257.05
9/25/2012,257.29
9/24/2012,261.24
9/21/2012,261.91
9/20/2012,261.91
9/19/2012,266.04
9/18/2012,267.46
9/17/2012,270.12
9/14/2012,270.99
9/13/2012,269.59
9/12/2012,266.14
9/11/2012,265.66
9/10/2012,264.79
9/7/2012,267.13
9/6/2012,266.9
9/5/2012,264.68
9/4/2012,265.22
9/3/2012,263.19
8/31/2012,263.19
8/30/2012,262.53
8/29/2012,263.07
8/28/2012,262.96
8/27/2012,262.14
8/24/2012,261.39
8/23/2012,260.21
8/22/2012,261
8/21/2012,261.06
8/20/2012,260.77
8/17/2012,261.61
8/16/2012,261.18
8/15/2012,259.48
8/14/2012,258.22
8/13/2012,258.63
8/10/2012,258.84
8/9/2012,258.46
8/8/2012,259.37
8/7/2012,261.47
8/6/2012,264.48
8/3/2012,264.99
8/2/2012,262.68
8/1/2012,262.33
7/31/2012,263.29
7/30/2012,263.41
7/27/2012,262.61
7/26/2012,259.77
7/25/2012,257.71
7/24/2012,257.64
7/23/2012,258.48
7/20/2012,260.15
7/19/2012,261.67
7/18/2012,264.46
7/17/2012,266.32
7/16/2012,263.73
7/13/2012,263.21
7/12/2012,259.88
7/11/2012,259.14
7/10/2012,258.72
7/9/2012,261.78
7/6/2012,261.48
7/5/2012,260.82
7/4/2012,262.3
7/3/2012,262.3
7/2/2012,260.93
6/29/2012,258.36
6/28/2012,251.63
6/27/2012,249.06
6/26/2012,248.19
6/25/2012,247.1
6/22/2012,248.28
6/21/2012,248.46
6/20/2012,252.6
6/19/2012,252.68
6/18/2012,251.56
6/15/2012,249.72
6/14/2012,248.23
6/13/2012,244.5
6/12/2012,245.92
6/11/2012,243.42
6/8/2012,249.11
6/7/2012,245.7
6/6/2012,247.46
6/5/2012,241.95
6/4/2012,237.43
6/1/2012,238.67
5/31/2012,244.86
5/30/2012,243.07
5/29/2012,249.07
5/28/2012,245.41
5/25/2012,245.41
5/24/2012,246.55
5/23/2012,245.66
5/22/2012,245.01
5/21/2012,244.56
5/18/2012,239.3
5/17/2012,242.34
5/16/2012,249.4
5/15/2012,252.53
5/14/2012,253.65
5/11/2012,257.02
5/10/2012,256.44
5/9/2012,256.25
5/8/2012,257.08
5/7/2012,257.46
5/4/2012,255.64
5/3/2012,257.89
5/2/2012,259.19
5/1/2012,259.38
4/30/2012,256.75
4/27/2012,257.14
4/26/2012,255.48
4/25/2012,254.92
4/24/2012,252.07
4/23/2012,248.14
4/20/2012,251.04
4/19/2012,247.79
4/18/2012,247.92
4/17/2012,249.74
4/16/2012,247.64
4/13/2012,243.74
4/12/2012,245.15
4/11/2012,241.85
4/10/2012,238.72
4/9/2012,243.96
4/6/2012,246.54
4/5/2012,246.54
4/4/2012,247.46
4/3/2012,250.16
4/2/2012,251.16
3/30/2012,249.6
3/29/2012,247.31
3/28/2012,247.22
3/27/2012,247.85
3/26/2012,247.81
3/23/2012,245.21
3/22/2012,243.56
3/21/2012,246.86
3/20/2012,247.45
3/19/2012,247.95
3/16/2012,245.98
3/15/2012,244.66
3/14/2012,244.71
3/13/2012,245.66
3/12/2012,240.37
3/9/2012,239.07
3/8/2012,238.03
3/7/2012,239.15
3/6/2012,237.69
3/5/2012,241
3/2/2012,238.76
3/1/2012,239.12
2/29/2012,237.74
2/28/2012,238.38
2/27/2012,240.2
2/24/2012,240.41
2/23/2012,240.2
2/22/2012,236.84
2/21/2012,239.09
2/20/2012,242.74
2/17/2012,242.74
2/16/2012,242.86
2/15/2012,240.32
2/14/2012,241.21
2/13/2012,244.4
2/10/2012,241.48
2/9/2012,243.75
2/8/2012,245.83
2/7/2012,245.54
2/6/2012,245.87
2/3/2012,246.75
2/2/2012,243.28
2/1/2012,242.89
1/31/2012,240.48
1/30/2012,239.07
1/27/2012,241.3
1/26/2012,240.84
1/25/2012,239.24
1/24/2012,236.2
1/23/2012,234.51
1/20/2012,233.76
1/19/2012,231.97
1/18/2012,231.11
1/17/2012,229.44
1/16/2012,227.5
1/13/2012,227.5
1/12/2012,226.98
1/11/2012,228.67
1/10/2012,227.43
1/9/2012,224.58
1/6/2012,225.18
1/5/2012,226.3
1/4/2012,223.87
1/3/2012,227.84
1/2/2012,225.97
12/30/2011,225.97
12/29/2011,226.95
12/28/2011,224.88
12/27/2011,228.04
12/26/2011,226.99
12/23/2011,226.99
12/22/2011,225.97
12/21/2011,223.04
12/20/2011,222.89
12/19/2011,215.92
12/16/2011,218.15
12/15/2011,215.8
12/14/2011,212.54
12/13/2011,211.37
12/12/2011,213.44
12/9/2011,217.52
12/8/2011,212.93
12/7/2011,218.14
12/6/2011,215.67
12/5/2011,215.84
12/2/2011,214.17
12/1/2011,213.57
11/30/2011,216.21
11/29/2011,206.25
11/28/2011,206.77
11/25/2011,201.96
11/24/2011,201.13
11/23/2011,201.13
11/22/2011,207.24
11/21/2011,208.28
11/18/2011,214.16
11/17/2011,212.23
11/16/2011,216.11
11/15/2011,218.96
11/14/2011,216.54
11/11/2011,221.41
11/10/2011,215.6
11/9/2011,215.34
11/8/2011,225.84
11/7/2011,223.11
11/4/2011,222.68
11/3/2011,224.65
11/2/2011,221.88
11/1/2011,216.63
10/31/2011,224.9
10/28/2011,227.12
10/27/2011,227.11
10/26/2011,216.72
10/25/2011,214.52
10/24/2011,218.61
10/21/2011,213.26
10/20/2011,206.45
10/19/2011,205.07
10/18/2011,207.76
10/17/2011,200.22
10/14/2011,205.43
10/13/2011,200.34
10/12/2011,202.08
10/11/2011,198.35
10/10/2011,202.47
10/7/2011,192.53
10/6/2011,198.64
10/5/2011,193.25
10/4/2011,195.16
10/3/2011,187.02
9/30/2011,196.58
9/29/2011,202.43
9/28/2011,198.74
9/27/2011,204.59
9/26/2011,202.45
9/23/2011,199.67
9/22/2011,197.5
9/21/2011,202.75
9/20/2011,213.92
9/19/2011,214.16
9/16/2011,219.01
9/15/2011,217.11
9/14/2011,213.64
9/13/2011,212.37
9/12/2011,211.59
9/9/2011,210.64
9/8/2011,217.76
9/7/2011,219.8
9/6/2011,211.49
9/5/2011,212.02
9/2/2011,212.02
9/1/2011,217.52
8/31/2011,221.08
8/30/2011,218.82
8/29/2011,218.08
8/26/2011,211.02
8/25/2011,207.98
8/24/2011,212.31
8/23/2011,209.6
8/22/2011,204.35
8/19/2011,203.85
8/18/2011,207.69
8/17/2011,217.82
8/16/2011,217.21
8/15/2011,218.22
8/12/2011,210.24
8/11/2011,210.9
8/10/2011,200.02
8/9/2011,205.47
8/8/2011,186.85
8/5/2011,205.51
8/4/2011,210.62
8/3/2011,222.06
8/2/2011,223.47
8/1/2011,231.08
7/29/2011,234.7
7/28/2011,234.59
7/27/2011,234.2
7/26/2011,241.1
7/25/2011,240.58
7/22/2011,243.14
7/21/2011,242.02
7/20/2011,239.98
7/19/2011,238.2
7/18/2011,234.08
7/15/2011,235.88
7/14/2011,233.07
7/13/2011,235.35
7/12/2011,237.81
7/11/2011,236.85
7/8/2011,241.18
7/7/2011,241.79
7/6/2011,238.8
7/5/2011,237.11
7/4/2011,235.3
7/1/2011,235.3
6/30/2011,231.1
6/29/2011,230.54
6/28/2011,228.14
6/27/2011,226.48
6/24/2011,225.19
6/23/2011,225.25
6/22/2011,229.99
6/21/2011,230.87
6/20/2011,229.12
6/17/2011,226.27
6/16/2011,224.09
6/15/2011,222.21
6/14/2011,226.03
6/13/2011,222.69
6/10/2011,221.71
6/9/2011,227.35
6/8/2011,229.82
6/7/2011,230.66
6/6/2011,228.16
6/3/2011,231.4
6/2/2011,230.63
6/1/2011,232.16
5/31/2011,239.21
5/30/2011,235.47
5/27/2011,235.47
5/26/2011,234.22
5/25/2011,231.15
5/24/2011,229.99
5/23/2011,229.1
5/20/2011,231.54
5/19/2011,234.41
5/18/2011,233.62
5/17/2011,231.38
5/16/2011,231.43
5/13/2011,230.89
5/12/2011,233.45
5/11/2011,232.98
5/10/2011,235.85
5/9/2011,232.03
5/6/2011,230.76
5/5/2011,232.77
5/4/2011,233.09
5/3/2011,234.41
5/2/2011,236.43
4/29/2011,236.25
4/28/2011,237.45
4/27/2011,234.46
4/26/2011,232.88
4/25/2011,230.81
4/22/2011,229.28
4/21/2011,229.28
4/20/2011,227.75
4/19/2011,225.16
4/18/2011,223.02
4/15/2011,225.37
4/14/2011,222.61
4/13/2011,219.16
4/12/2011,219.36
4/11/2011,219.78
4/8/2011,219.57
4/7/2011,221.17
4/6/2011,223.77
4/5/2011,223.7
4/4/2011,223.59
4/1/2011,223.69
3/31/2011,223.54
3/30/2011,221.69
3/29/2011,218.71
3/28/2011,217.61
3/25/2011,218
3/24/2011,216.27
3/23/2011,215.14
3/22/2011,217.65
3/21/2011,219.25
3/18/2011,216.64
3/17/2011,214.7
3/16/2011,212.76
3/15/2011,216.08
3/14/2011,217.28
3/11/2011,219.58
3/10/2011,217.25
3/9/2011,220.67
3/8/2011,221.11
3/7/2011,217.77
3/4/2011,219.43
3/3/2011,221.72
3/2/2011,218.22
3/1/2011,220.64
2/28/2011,227.16
2/25/2011,222.18
2/24/2011,217.66
2/23/2011,219.07
2/22/2011,220.97
2/21/2011,223.2
2/18/2011,223.2
2/17/2011,222.36
2/16/2011,222.19
2/15/2011,221.21
2/14/2011,222.28
2/11/2011,222.32
2/10/2011,220.81
2/9/2011,220.09
2/8/2011,219.88
2/7/2011,219.2
2/4/2011,216.53
2/3/2011,218.68
2/2/2011,217.81
2/1/2011,218.31
1/31/2011,217.32
1/28/2011,214.19
1/27/2011,218.31
1/26/2011,215.07
1/25/2011,214.62
1/24/2011,212.16
1/21/2011,211.11
1/20/2011,210.53
1/19/2011,210.41
1/18/2011,213.52
1/17/2011,211.92
1/14/2011,211.92
1/13/2011,210.33
1/12/2011,209.91
1/11/2011,208.69
1/10/2011,209.2
1/7/2011,209.28
1/6/2011,209.35
1/5/2011,211.61
1/4/2011,210.4
1/3/2011,214.75
12/31/2010,210.65
12/30/2010,211.38
12/29/2010,210.96
12/28/2010,210.2
12/27/2010,209.54
12/24/2010,206.91
12/23/2010,206.91
12/22/2010,207.96
12/21/2010,206.74
12/20/2010,204.53
12/17/2010,201.88
12/16/2010,200.26
12/15/2010,199.73
12/14/2010,201.94
12/13/2010,204.37
12/10/2010,204.24
12/9/2010,202.27
12/8/2010,204.22
12/7/2010,207.5
12/6/2010,206.75
12/3/2010,206.6
12/2/2010,206.56
12/1/2010,203.53
11/30/2010,201.67
11/29/2010,203.09
11/26/2010,202.91
11/25/2010,203.8
11/24/2010,203.8
11/23/2010,199.36
11/22/2010,201.15
11/19/2010,200.84
11/18/2010,199.6
11/17/2010,197.92
11/16/2010,196.13
11/15/2010,203.06
11/12/2010,204.86
11/11/2010,207.07
11/10/2010,208.9
11/9/2010,206.26
11/8/2010,214.87
11/5/2010,216.23
11/4/2010,214.15
11/3/2010,208.85
11/2/2010,209.23
11/1/2010,207.76
10/29/2010,205.92
10/28/2010,205.73
10/27/2010,206.83
10/26/2010,208.5
10/25/2010,210.18
10/22/2010,209.54
10/21/2010,209.63
10/20/2010,210.16
10/19/2010,205.43
10/18/2010,208.21
10/15/2010,205.33
10/14/2010,205.56
10/13/2010,206.25
10/12/2010,204.06
10/11/2010,202.57
10/8/2010,202.59
10/7/2010,202
10/6/2010,201.68
10/5/2010,202.86
10/4/2010,199.39
10/1/2010,197.87
9/30/2010,196.69
9/29/2010,196.25
9/28/2010,197.98
9/27/2010,196.97
9/24/2010,199.55
9/23/2010,193.53
9/22/2010,198.89
9/21/2010,201.34
9/20/2010,204.91
9/17/2010,199.81
9/16/2010,199.16
9/15/2010,200.52
9/14/2010,198.79
9/13/2010,199.32
9/10/2010,196.25
9/9/2010,195.19
9/8/2010,197.19
9/7/2010,196.72
9/6/2010,200.05
9/3/2010,200.05
9/2/2010,197.35
9/1/2010,194.84
8/31/2010,188.6
8/30/2010,186.85
8/27/2010,188.83
8/26/2010,185.62
8/25/2010,186.91
8/24/2010,183.41
8/23/2010,184.42
8/20/2010,185.3
8/19/2010,185.82
8/18/2010,190.97
8/17/2010,190.94
8/16/2010,186.36
8/13/2010,186.18
8/12/2010,186.47
8/11/2010,188.73
8/10/2010,193.86
8/9/2010,196.28
8/6/2010,193.64
8/5/2010,194.45
8/4/2010,196.94
8/3/2010,195.74
8/2/2010,197.68
7/30/2010,191.14
7/29/2010,190.1
7/28/2010,191.77
7/27/2010,192.22
7/26/2010,192.49
7/23/2010,187.52
7/22/2010,185.48
7/21/2010,178.24
7/20/2010,182.62
7/19/2010,179.06
7/16/2010,176.37
7/15/2010,182.7
7/14/2010,183.32
7/13/2010,184.41
7/12/2010,179.83
7/9/2010,179.73
7/8/2010,177.09
7/7/2010,175.18
7/6/2010,166.64
7/5/2010,170.41
7/2/2010,170.41
7/1/2010,174.06
6/30/2010,174.34
6/29/2010,176.14
6/28/2010,182.43
6/25/2010,184.89
6/24/2010,179.67
6/23/2010,184.05
6/22/2010,183.29
6/21/2010,189.41
6/18/2010,190.7
6/17/2010,191.3
6/16/2010,191.03
6/15/2010,192.94
6/14/2010,188.52
6/11/2010,186.41
6/10/2010,184.37
6/9/2010,176.47
6/8/2010,175.25
6/7/2010,172.08
6/4/2010,172.94
6/3/2010,183.59
6/2/2010,184.38
6/1/2010,180.56
5/31/2010,184.14
5/28/2010,184.14
5/27/2010,186.83
5/26/2010,176.91
5/25/2010,177.38
5/24/2010,175.89
5/21/2010,180.12
5/20/2010,173.96
5/19/2010,183.03
5/18/2010,184.86
5/17/2010,190.07
5/14/2010,189.77
5/13/2010,196.35
5/12/2010,199.31
5/11/2010,195.9
5/10/2010,195.53
5/7/2010,182.77
5/6/2010,186.11
5/5/2010,193.6
5/4/2010,196.68
5/3/2010,201.47
4/30/2010,194.68
4/29/2010,201.37
4/28/2010,192.55
4/27/2010,192
4/26/2010,198.37
4/23/2010,196.71
4/22/2010,194.32
4/21/2010,191.25
4/20/2010,187.76
4/19/2010,184.73
4/16/2010,183.73
4/15/2010,188.17
4/14/2010,193.41
4/13/2010,193.34
4/12/2010,188.63
4/9/2010,190.19
4/8/2010,186.97
4/7/2010,186.95
4/6/2010,191.3
4/5/2010,187.29
4/2/2010,182.71
4/1/2010,182.71
3/31/2010,182.02
3/30/2010,184.02
3/29/2010,184.22
3/26/2010,184.11
3/25/2010,185.12
3/24/2010,184.43
3/23/2010,183.39
3/22/2010,183.99
3/19/2010,181.84
3/18/2010,183.74
3/17/2010,184.46
3/16/2010,182.05
3/15/2010,177.84
3/12/2010,178.35
3/11/2010,176.85
3/10/2010,175.87
3/9/2010,174.88
3/8/2010,173.93
3/5/2010,171.98
3/4/2010,167.42
3/3/2010,166.41
3/2/2010,167
3/1/2010,166.77
2/26/2010,165.5
2/25/2010,165.54
2/24/2010,164.92
2/23/2010,163.29
2/22/2010,164.7
2/19/2010,164.09
2/18/2010,163.74
2/17/2010,161.57
2/16/2010,160.08
2/15/2010,155.47
2/12/2010,155.47
2/11/2010,153.98
2/10/2010,152.49
2/9/2010,152.28
2/8/2010,152.55
2/5/2010,156.38
2/4/2010,153.3
2/3/2010,159.25
2/2/2010,162.14
2/1/2010,159.85
1/29/2010,156.99
1/28/2010,157.72
1/27/2010,159.27
1/26/2010,157.83
1/25/2010,159.17
1/22/2010,158.08
1/21/2010,161.9
1/20/2010,166.86
1/19/2010,169.24
1/18/2010,165.37
1/15/2010,165.37
1/14/2010,166.65
1/13/2010,167.13
1/12/2010,163.65
1/11/2010,166.49
1/8/2010,165.37
1/7/2010,166.91
1/6/2010,164.95
1/5/2010,165.31
1/4/2010,165.02
12/31/2009,165.92
12/30/2009,169.14
12/29/2009,168.98
12/28/2009,171.32
12/25/2009,170.72
12/24/2009,170.72
12/23/2009,168.35
12/22/2009,166.39
12/21/2009,164.77
12/18/2009,162.59
12/17/2009,161.4
12/16/2009,162.28
12/15/2009,161.12
12/14/2009,162.92
12/11/2009,159.88
12/10/2009,157.56
12/9/2009,158.05
12/8/2009,158.42
12/7/2009,159.26
12/4/2009,162.7
12/3/2009,158
12/2/2009,159.73
12/1/2009,157.24
11/30/2009,155.18
11/27/2009,149.15
11/26/2009,153.7
11/25/2009,153.7
11/24/2009,153.18
11/23/2009,155.5
11/20/2009,153.68
11/19/2009,154.48
11/18/2009,158.5
11/17/2009,155.4
11/16/2009,158.16
11/13/2009,154.52
11/12/2009,152.3
11/11/2009,154.37
11/10/2009,151.27
11/9/2009,152.56
11/6/2009,145.4
11/5/2009,147.78
11/4/2009,144.63
11/3/2009,148.02
11/2/2009,145.77
10/30/2009,145.44
10/29/2009,148.26
10/28/2009,141.6
10/27/2009,147.72
10/26/2009,150.08
10/23/2009,150.29
10/22/2009,152.23
10/21/2009,148.28
10/20/2009,150.03
10/19/2009,153.1
10/16/2009,150.1
10/15/2009,154.08
10/14/2009,155.26
10/13/2009,149.65
10/12/2009,151.9
10/9/2009,152.14
10/8/2009,150.77
10/7/2009,148.05
10/6/2009,148.35
10/5/2009,148.29
10/2/2009,144.28
10/1/2009,145.73
9/30/2009,152.55
9/29/2009,153.78
9/28/2009,156.57
9/25/2009,150.05
9/24/2009,149.68
9/23/2009,155.13
9/22/2009,161.46
9/21/2009,156.26
9/18/2009,159.16
9/17/2009,158.53
9/16/2009,159.56
9/15/2009,153.28
9/14/2009,150.84
9/11/2009,146.32
9/10/2009,146.88
9/9/2009,144.89
9/8/2009,141.9
9/7/2009,137.01
9/4/2009,137.01
9/3/2009,135.49
9/2/2009,133.01
9/1/2009,135.63
8/31/2009,143.23
8/28/2009,145.43
8/27/2009,144.5
8/26/2009,143.01
8/25/2009,142.33
8/24/2009,140.68
8/21/2009,141.39
8/20/2009,137.88
8/19/2009,132.36
8/18/2009,133.61
8/17/2009,131.7
8/14/2009,139.49
8/13/2009,140.6
8/12/2009,140.26
8/11/2009,138.94
8/10/2009,143.23
8/7/2009,146.71
8/6/2009,139.15
8/5/2009,140.21
8/4/2009,134.78
8/3/2009,127.84
7/31/2009,125.81
7/30/2009,125.85
7/29/2009,121.38
7/28/2009,122.94
7/27/2009,123.08
7/24/2009,121.27
7/23/2009,120.55
7/22/2009,115.97
7/21/2009,115.46
7/20/2009,116.31
7/17/2009,111.96
7/16/2009,115.13
7/15/2009,114.18
7/14/2009,110.07
7/13/2009,109.01
7/10/2009,104.34
7/9/2009,104.56
7/8/2009,106.23
7/7/2009,107.44
7/6/2009,112.2
7/3/2009,108.4
7/2/2009,108.4
7/1/2009,115.21
6/30/2009,113.81
6/29/2009,113.01
6/26/2009,112.97
6/25/2009,111.73
6/24/2009,110.08
6/23/2009,107.95
6/22/2009,107.12
6/19/2009,113.42
6/18/2009,112.17
6/17/2009,111.18
6/16/2009,113.36
6/15/2009,114.55
6/12/2009,120.85
6/11/2009,116.91
6/10/2009,119.36
6/9/2009,122.14
6/8/2009,122.67
6/5/2009,122.92
6/4/2009,124.57
6/3/2009,120.55
6/2/2009,120.33
6/1/2009,122.41
5/29/2009,117.73
5/28/2009,114.7
5/27/2009,111.91
5/26/2009,116.67
5/25/2009,109.58
5/22/2009,109.58
5/21/2009,112.12
5/20/2009,111.89
5/19/2009,112.88
5/18/2009,115.56
5/15/2009,106.17
5/14/2009,110.79
5/13/2009,106.66
5/12/2009,114.64
5/11/2009,115.65
5/8/2009,121.18
5/7/2009,112.09
5/6/2009,119.86
5/5/2009,115.39
5/4/2009,119.96
5/1/2009,110.23
4/30/2009,115.25
4/29/2009,115.16
4/28/2009,110.19
4/27/2009,108.66
4/24/2009,116.67
4/23/2009,110.51
4/22/2009,105.64
4/21/2009,110.12
4/20/2009,100.19
4/17/2009,112.83
4/16/2009,111.57
4/15/2009,107.31
4/14/2009,98.59
4/13/2009,107.82
4/10/2009,107.06
4/9/2009,107.06
4/8/2009,94.24
4/7/2009,92.09
4/6/2009,101.01
4/3/2009,102.05
4/2/2009,93.61
4/1/2009,87.08
3/31/2009,87.95
3/30/2009,81.4
3/27/2009,86.85
3/26/2009,91.81
3/25/2009,88.89
3/24/2009,87.4
3/23/2009,95.6
3/20/2009,81.57
3/19/2009,89.41
3/18/2009,95.13
3/17/2009,90.62
3/16/2009,83.74
3/13/2009,91.12
3/12/2009,93.43
3/11/2009,86.31
3/10/2009,88
3/9/2009,76.63
3/6/2009,74.9
3/5/2009,75.71
3/4/2009,81.48
3/3/2009,79.34
3/2/2009,78.55
2/27/2009,85.03
2/26/2009,86.17
2/25/2009,90.75
2/24/2009,92.79
2/23/2009,85.09
2/20/2009,92.38
2/19/2009,86.64
2/18/2009,90.9
2/17/2009,89.43
2/16/2009,96.38
2/13/2009,96.38
2/12/2009,102.6
2/11/2009,104.4
2/10/2009,102.62
2/9/2009,113.14
2/6/2009,111.91
2/5/2009,104.33
2/4/2009,106.73
2/3/2009,108.88
2/2/2009,110.07
1/30/2009,107.94
1/29/2009,112.23
1/28/2009,122.53
1/27/2009,112.78
1/26/2009,111.22
1/23/2009,111.73
1/22/2009,108.61
1/21/2009,114.45
1/20/2009,103.38
1/19/2009,117.13
1/16/2009,117.13
1/15/2009,112.32
1/14/2009,108.87
1/13/2009,114.93
1/12/2009,111.35
1/9/2009,118.82
1/8/2009,125.09
1/7/2009,126.18
1/6/2009,131.35
1/5/2009,124.15
1/2/2009,127.14
1/1/2009,131.35
12/31/2008,131.35
12/30/2008,125.22
12/29/2008,119.6
12/26/2008,126.63
12/25/2008,125.22
12/24/2008,125.22
12/23/2008,124.18
12/22/2008,124.48
12/19/2008,128.7
12/18/2008,121.58
12/17/2008,132.34
12/16/2008,130.49
12/15/2008,114.18
12/12/2008,118.97
12/11/2008,107.09
12/10/2008,126.37
12/9/2008,116.85
12/8/2008,127.91
12/5/2008,116.18
12/4/2008,104.74
12/3/2008,107.84
12/2/2008,102.28
12/1/2008,89.99
11/28/2008,112.07
11/27/2008,114.33
11/26/2008,114.33
11/25/2008,109.05
11/24/2008,107.17
11/21/2008,90.31
11/20/2008,84.63
11/19/2008,92.02
11/18/2008,106.16
11/17/2008,107.5
11/14/2008,111.63
11/13/2008,125.74
11/12/2008,112.97
11/11/2008,122.1
11/10/2008,124.15
11/7/2008,136.82
11/6/2008,128.57
11/5/2008,134.97
11/4/2008,150.65
11/3/2008,142.31
10/31/2008,147.79
10/30/2008,138.51
10/29/2008,132.92
10/28/2008,137.11
10/27/2008,116.98
10/24/2008,124.35
10/23/2008,133.22
10/22/2008,134.7
10/21/2008,145.84
10/20/2008,151.35
10/17/2008,150.62
10/16/2008,150.95
10/15/2008,143.89
10/14/2008,165.17
10/13/2008,177.46
10/10/2008,170.06
10/9/2008,148.89
10/8/2008,166.13
10/7/2008,167.38
10/6/2008,181.57
10/3/2008,188.42
10/2/2008,198.22
10/1/2008,211.8
9/30/2008,216.86
9/29/2008,203.68
9/26/2008,219.98
9/25/2008,213.35
9/24/2008,209.2
9/23/2008,212.39
9/22/2008,210.97
9/19/2008,231.77
9/18/2008,227.05
9/17/2008,204.56
9/16/2008,216.56
9/15/2008,203.65
9/12/2008,223.31
9/11/2008,220.53
9/10/2008,218.87
9/9/2008,217.66
9/8/2008,226.93
9/5/2008,217.19
9/4/2008,216.77
9/3/2008,223.41
9/2/2008,219.79
9/1/2008,217.87
8/29/2008,217.87
8/28/2008,220.14
8/27/2008,213.41
8/26/2008,211.82
8/25/2008,209.41
8/22/2008,216.46
8/21/2008,209.18
8/20/2008,212.19
8/19/2008,211.88
8/18/2008,216.63
8/15/2008,221.14
8/14/2008,221.66
8/13/2008,217.92
8/12/2008,220.92
8/11/2008,226.99
8/8/2008,221.73
8/7/2008,212.75
8/6/2008,218.88
8/5/2008,220.39
8/4/2008,210.08
8/1/2008,213.39
7/31/2008,213.3
7/30/2008,216.52
7/29/2008,217.47
7/28/2008,205.7
7/25/2008,211.27
7/24/2008,206.66
7/23/2008,221.71
7/22/2008,216.52
7/21/2008,209.98
7/18/2008,208.66
7/17/2008,208.72
7/16/2008,204.8
7/15/2008,192.12
7/14/2008,193.43
7/11/2008,200.97
7/10/2008,201.24
7/9/2008,196.77
7/8/2008,211.67
7/7/2008,198.27
7/4/2008,202.66
7/3/2008,202.66
7/2/2008,203.78
7/1/2008,207.71
6/30/2008,207.24
6/27/2008,207.28
6/26/2008,209.24
6/25/2008,217.18
6/24/2008,213.85
6/23/2008,213.01
6/20/2008,217.91
6/19/2008,223.69
6/18/2008,218.17
6/17/2008,221.39
6/16/2008,228.75
6/13/2008,225.78
6/12/2008,221.41
6/11/2008,219.23
6/10/2008,223.77
6/9/2008,222.42
6/6/2008,227.53
6/5/2008,237.93
6/4/2008,232.34
6/3/2008,230.87
6/2/2008,229.21
5/30/2008,233.33
5/29/2008,234.82
5/28/2008,232.01
5/27/2008,231.93
5/26/2008,228.39
5/23/2008,228.39
5/22/2008,229.83
5/21/2008,231.18
5/20/2008,236.54
5/19/2008,239.98
5/16/2008,239.79
5/15/2008,241.63
5/14/2008,238.86
5/13/2008,237.07
5/12/2008,236.28
5/9/2008,230.53
5/8/2008,232.33
5/7/2008,232.67
5/6/2008,239.7
5/5/2008,238.21
5/2/2008,238.63
5/1/2008,239.01
4/30/2008,233.27
4/29/2008,237.1
4/28/2008,240.18
4/25/2008,240.62
4/24/2008,240.03
4/23/2008,234.75
4/22/2008,230.97
4/21/2008,232.03
4/18/2008,234.74
4/17/2008,235.16
4/16/2008,233.98
4/15/2008,225.08
4/14/2008,222.47
4/11/2008,223.73
4/10/2008,227.15
4/9/2008,224.78
4/8/2008,229.98
4/7/2008,233.43
4/4/2008,233.27
4/3/2008,237.11
4/2/2008,232.36
4/1/2008,232.48
3/31/2008,220.22
3/28/2008,219.26
3/27/2008,221.78
3/26/2008,224.3
3/25/2008,229.12
3/24/2008,228.34
3/21/2008,224.44
3/20/2008,224.44
3/19/2008,215.88
3/18/2008,217.53
3/17/2008,207.55
3/14/2008,207.84
3/13/2008,211.48
3/12/2008,208.88
3/11/2008,212.66
3/10/2008,199.5
3/7/2008,202.87
3/6/2008,199.67
3/5/2008,208.29
3/4/2008,207.78
3/3/2008,209.23
2/29/2008,207.07
2/28/2008,210.57
2/27/2008,214.39
2/26/2008,216.14
2/25/2008,216.03
2/22/2008,209.41
2/21/2008,204.7
2/20/2008,209.42
2/19/2008,205.99
2/18/2008,208.38
2/15/2008,208.38
2/14/2008,206.53
2/13/2008,211.03
2/12/2008,209.41
2/11/2008,203.61
2/8/2008,207.3
2/7/2008,214.37
2/6/2008,209.28
2/5/2008,212.72
2/4/2008,221.09
2/1/2008,223.6
1/31/2008,215.5
1/30/2008,211.25
1/29/2008,215.79
1/28/2008,217.68
1/25/2008,210.27
1/24/2008,212.78
1/23/2008,217.35
1/22/2008,199.82
1/21/2008,193.37
1/18/2008,193.37
1/17/2008,195.86
1/16/2008,199.12
1/15/2008,195.32
1/14/2008,200.65
1/11/2008,201.12
1/10/2008,201.28
1/9/2008,198
1/8/2008,194.66
1/7/2008,202.09
1/4/2008,199.96
1/3/2008,207.69
1/2/2008,215.19
1/1/2008,216.67
12/31/2007,216.67
12/28/2007,214.71
12/27/2007,217.77
12/26/2007,223.59
12/25/2007,227.59
12/24/2007,227.59
12/21/2007,219.55
12/20/2007,215.91
12/19/2007,216
12/18/2007,213.08
12/17/2007,211.35
12/14/2007,217.19
12/13/2007,224.11
12/12/2007,226.5
12/11/2007,226.73
12/10/2007,240.12
12/7/2007,235.24
12/6/2007,235.95
12/5/2007,228.33
12/4/2007,221.12
12/3/2007,227.32
11/30/2007,229.16
11/29/2007,225.16
11/28/2007,225.99
11/27/2007,217.57
11/26/2007,212.94
11/23/2007,224.91
11/22/2007,220.41
11/21/2007,220.41
11/20/2007,221.03
11/19/2007,225.25
11/16/2007,231.08
11/15/2007,234.56
11/14/2007,235.93
11/13/2007,239.93
11/12/2007,231.03
11/9/2007,230.73
11/8/2007,231.25
11/7/2007,230.13
11/6/2007,237.83
11/5/2007,235.78
11/2/2007,238.39
11/1/2007,243.3
10/31/2007,253.28
10/30/2007,248.97
10/29/2007,246.71
10/26/2007,249.24
10/25/2007,247.27
10/24/2007,246.66
10/23/2007,248.5
10/22/2007,245.87
10/19/2007,242.92
10/18/2007,251.99
10/17/2007,251.3
10/16/2007,251.89
10/15/2007,255.44
10/12/2007,261.15
10/11/2007,263.18
10/10/2007,264.99
10/9/2007,265.22
10/8/2007,263.06
10/5/2007,266.84
10/4/2007,260.97
10/3/2007,259.14
10/2/2007,259.96
10/1/2007,255.57
9/28/2007,250.61
9/27/2007,251.5
9/26/2007,249.48
9/25/2007,247.93
9/24/2007,252.2
9/21/2007,247.89
9/20/2007,247.71
9/19/2007,252.21
9/18/2007,247.77
9/17/2007,240.03
9/14/2007,241.1
9/13/2007,239.93
9/12/2007,235.56
9/11/2007,235.83
9/10/2007,232.21
9/7/2007,234.46
9/6/2007,239.44
9/5/2007,238.04
9/4/2007,243.49
9/3/2007,240.58
8/31/2007,240.58
8/30/2007,235.83
8/29/2007,233.92
8/28/2007,227.61
8/27/2007,234.46
8/24/2007,238.44
8/23/2007,238.77
8/22/2007,241.13
8/21/2007,240.12
8/20/2007,237.34
8/17/2007,233.13
8/16/2007,227.54
8/15/2007,220.4
8/14/2007,223.06
8/13/2007,230.74
8/10/2007,232.21
8/9/2007,239.38
8/8/2007,240.54
8/7/2007,231.18
8/6/2007,229.87
8/3/2007,223.82
8/2/2007,230.7
8/1/2007,227.96
7/31/2007,225.96
7/30/2007,225.83
7/27/2007,223.66
7/26/2007,230.39
7/25/2007,235.01
7/24/2007,236.11
7/23/2007,241.45
7/20/2007,245.32
7/19/2007,250.28
7/18/2007,249.06
7/17/2007,249.95
7/16/2007,251.64
7/13/2007,253.03
7/12/2007,250.71
7/11/2007,246.77
7/10/2007,247.8
7/9/2007,254.22
7/6/2007,254.9
7/5/2007,255.21
7/4/2007,251.32
7/3/2007,251.32
7/2/2007,251.92
6/29/2007,245.58
6/28/2007,246.66
6/27/2007,248.32
6/26/2007,242.74
6/25/2007,243.07
6/22/2007,246.85
6/21/2007,248.01
6/20/2007,248.44
6/19/2007,254.56
6/18/2007,253.61
6/15/2007,257.9
6/14/2007,255.36
6/13/2007,258.11
6/12/2007,252.55
6/11/2007,257.08
6/8/2007,261.17
6/7/2007,257.84
6/6/2007,266.1
6/5/2007,267.66
6/4/2007,272.45
6/1/2007,271.24
5/31/2007,271.18
5/30/2007,271.95
5/29/2007,265
5/28/2007,255.89
5/25/2007,255.89
5/24/2007,253.58
5/23/2007,258.03
5/22/2007,260.44
5/21/2007,257.12
5/18/2007,255.19
5/17/2007,258.14
5/16/2007,263.09
5/15/2007,265.74
5/14/2007,269.92
5/11/2007,271.76
5/10/2007,267.79
5/9/2007,271.82
5/8/2007,268.88
5/7/2007,270.6
5/4/2007,269.88
5/3/2007,272.14
5/2/2007,271.48
5/1/2007,269.47
4/30/2007,271.65
4/27/2007,276.31
4/26/2007,276.65
4/25/2007,277.25
4/24/2007,277.23
4/23/2007,279.28
4/20/2007,275.7
4/19/2007,273.82
4/18/2007,275.72
4/17/2007,277.57
4/16/2007,274.12
4/13/2007,273.39
4/12/2007,270.73
4/11/2007,272.27
4/10/2007,276.69
4/9/2007,275.54
4/6/2007,275.21
4/5/2007,275.21
4/4/2007,275.27
4/3/2007,276.54
4/2/2007,274.34
3/30/2007,271.92
3/29/2007,268.38
3/28/2007,268.15
3/27/2007,269.87
3/26/2007,273.48
3/23/2007,277.38
3/22/2007,277.18
3/21/2007,277.45
3/20/2007,273.6
3/19/2007,273.23
3/16/2007,270.42
3/15/2007,272.97
3/14/2007,270.16
3/13/2007,269.04
3/12/2007,275.79
3/9/2007,274.21
3/8/2007,270.57
3/7/2007,266.21
3/6/2007,270.03
3/5/2007,260.96
3/2/2007,271.05
3/1/2007,276.41
2/28/2007,278.91
2/27/2007,276.21
2/26/2007,285.61
2/23/2007,287.16
2/22/2007,291.85
2/21/2007,293.43
2/20/2007,294.42
2/19/2007,291.9
2/16/2007,291.9
2/15/2007,292.98
2/14/2007,290.89
2/13/2007,292.76
2/12/2007,287.65
2/9/2007,292.96
2/8/2007,296.37
2/7/2007,298.03
2/6/2007,292.27
2/5/2007,288.51
2/2/2007,288.12
2/1/2007,287.14
1/31/2007,285.93
1/30/2007,284.13
1/29/2007,282.33
1/26/2007,281.81
1/25/2007,280.94
1/24/2007,279.02
1/23/2007,275.38
1/22/2007,274.23
1/19/2007,276.33
1/18/2007,273.31
1/17/2007,274.03
1/16/2007,273.97
1/15/2007,270.18
1/12/2007,270.18
1/11/2007,269.28
1/10/2007,265.98
1/9/2007,262.44
1/8/2007,259.32
1/5/2007,259.36
1/4/2007,263.49
1/3/2007,263.36
1/2/2007,263.31
1/1/2007,263.31
12/29/2006,263.31
12/28/2006,262.44
12/27/2006,261.75
12/26/2006,259.02
12/25/2006,256.94
12/22/2006,256.94
12/21/2006,258.97
12/20/2006,261.56
12/19/2006,259.13
12/18/2006,261.56
12/15/2006,263.39
12/14/2006,264.85
12/13/2006,264.68
12/12/2006,266.08
12/11/2006,267.27
12/8/2006,266.43
12/7/2006,266.18
12/6/2006,267.43
12/5/2006,269.07
12/4/2006,271.33
12/1/2006,267.86
11/30/2006,268.48
11/29/2006,265.81
11/28/2006,261.82
11/27/2006,261.49
11/24/2006,268.56
11/23/2006,266.88
11/22/2006,266.88
11/21/2006,266.11
11/20/2006,261.67
11/17/2006,253.3
11/16/2006,254.15
11/15/2006,252.32
11/14/2006,252.46
11/13/2006,248.95
11/10/2006,248.59
11/9/2006,247.27
11/8/2006,246.94
11/7/2006,246.37
11/6/2006,249.04
11/3/2006,246.85
11/2/2006,249.78
11/1/2006,254.37
10/31/2006,256.62
10/30/2006,256.22
10/27/2006,254.44
10/26/2006,256.33
10/25/2006,253.97
10/24/2006,252.68
10/23/2006,253.81
10/20/2006,252.46
10/19/2006,252.65
10/18/2006,253.24
10/17/2006,252.01
10/16/2006,252.85
10/13/2006,251.71
10/12/2006,249.12
10/11/2006,247.04
10/10/2006,248.03
10/9/2006,248.18
10/6/2006,246.3
10/5/2006,248.49
10/4/2006,246.45
10/3/2006,243.59
10/2/2006,241.24
9/29/2006,241.59
9/28/2006,241.74
9/27/2006,242.65
9/26/2006,240.31
9/25/2006,240.78
9/22/2006,241.02
9/21/2006,239.89
9/20/2006,242.51
9/19/2006,243.27
9/18/2006,241.37
9/15/2006,243.04
9/14/2006,241.35
9/13/2006,242.57
9/12/2006,241.19
9/11/2006,238.31
9/8/2006,237.32
9/7/2006,235.14
9/6/2006,237.07
9/5/2006,238.1
9/4/2006,235.86
9/1/2006,235.86
8/31/2006,237.28
8/30/2006,237.31
8/29/2006,235.3
8/28/2006,235.17
8/25/2006,232.62
8/24/2006,232.96
8/23/2006,231.76
8/22/2006,233.81
8/21/2006,231.88
8/18/2006,230.59
8/17/2006,229.99
8/16/2006,229.76
8/15/2006,229.5
8/14/2006,227.03
8/11/2006,224.61
8/10/2006,226.38
8/9/2006,226.35
8/8/2006,227.42
8/7/2006,231.22
8/4/2006,233.58
8/3/2006,229.87
8/2/2006,227.57
8/1/2006,227.72
7/31/2006,228.63
7/28/2006,229.92
7/27/2006,226.55
7/26/2006,227.43
7/25/2006,226.52
7/24/2006,225.3
7/21/2006,221.45
7/20/2006,225.22
7/19/2006,227.52
7/18/2006,223.13
7/17/2006,220.54
7/14/2006,220.65
7/13/2006,223.58
7/12/2006,226.61
7/11/2006,225.84
7/10/2006,225.69
7/7/2006,223.32
7/6/2006,224.42
7/5/2006,223.81
7/4/2006,223.89
7/3/2006,223.89
6/30/2006,220.94
6/29/2006,218.57
6/28/2006,214.25
6/27/2006,212.86
6/26/2006,213.48
6/23/2006,211.41
6/22/2006,212.64
6/21/2006,214.17
6/20/2006,211.87
6/19/2006,213.18
6/16/2006,214.65
6/15/2006,214.69
6/14/2006,211.14
6/13/2006,212.32
6/12/2006,214.24
6/9/2006,217.17
6/8/2006,215.57
6/7/2006,216.18
6/6/2006,215.42
6/5/2006,217.23
6/2/2006,216.5
6/1/2006,214.33
5/31/2006,210.13
5/30/2006,210.11
5/29/2006,211.98
5/26/2006,211.98
5/25/2006,210.07
5/24/2006,205.5
5/23/2006,205.07
5/22/2006,206.66
5/19/2006,207.76
5/18/2006,207.68
5/17/2006,208.89
5/16/2006,212.75
5/15/2006,213.65
5/12/2006,210.86
5/11/2006,213.82
5/10/2006,218.73
5/9/2006,218.71
5/8/2006,218.81
5/5/2006,217.83
5/4/2006,215.1
5/3/2006,212.19
5/2/2006,211.97
5/1/2006,213.69
4/28/2006,216.49
4/27/2006,215.95
4/26/2006,214.3
4/25/2006,215.34
4/24/2006,216.67
4/21/2006,218.1
4/20/2006,217.82
4/19/2006,217.72
4/18/2006,214.88
4/17/2006,209.78
4/14/2006,210.51
4/13/2006,210.51
4/12/2006,213.12
4/11/2006,213.03
4/10/2006,213.89
4/7/2006,216.15
4/6/2006,219.48
4/5/2006,220.65
4/4/2006,218.99
4/3/2006,220.64
3/31/2006,225.07
3/30/2006,224.59
3/29/2006,228.03
3/28/2006,223.44
3/27/2006,220.99
3/24/2006,223.06
3/23/2006,223.88
3/22/2006,223.36
3/21/2006,222.66
3/20/2006,225.48
3/17/2006,229.05
3/16/2006,226.99
3/15/2006,224.76
3/14/2006,220.95
3/13/2006,219.44
3/10/2006,220.67
3/9/2006,218.66
3/8/2006,216.62
3/7/2006,215.58
3/6/2006,218.14
3/3/2006,214.15
3/2/2006,215.17
3/1/2006,215.81
2/28/2006,214.57
2/27/2006,215.41
2/24/2006,215.23
2/23/2006,216.3
2/22/2006,216.73
2/21/2006,214.47
2/20/2006,213.77
2/17/2006,213.77
2/16/2006,212.27
2/15/2006,210.74
2/14/2006,208.93
2/13/2006,207.72
2/10/2006,207.29
2/9/2006,207.09
2/8/2006,206.43
2/7/2006,207.17
2/6/2006,208.91
2/3/2006,207.89
2/2/2006,210.19
2/1/2006,211.67
1/31/2006,210.77
1/30/2006,209.9
1/27/2006,210.63
1/26/2006,207.92
1/25/2006,207.07
1/24/2006,207.22
1/23/2006,205.79
1/20/2006,204.31
1/19/2006,206.81
1/18/2006,204.02
1/17/2006,204.26
1/16/2006,204.7
1/13/2006,204.7
1/12/2006,207.57
1/11/2006,208.06
1/10/2006,208.37
1/9/2006,206.59
1/6/2006,205.05
1/5/2006,202.95
1/4/2006,200.96
1/3/2006,200.08
1/2/2006,195.96
12/30/2005,195.96
12/29/2005,196.59
12/28/2005,197.81
12/27/2005,198.01
12/26/2005,198.45
12/23/2005,198.45
12/22/2005,197.73
12/21/2005,196.63
12/20/2005,195.21
12/19/2005,195.4
12/16/2005,197.66
12/15/2005,197.24
12/14/2005,198.77
12/13/2005,198.33
12/12/2005,197.09
12/9/2005,197.49
12/8/2005,196.65
12/7/2005,195.21
12/6/2005,196.29
12/5/2005,196.88
12/2/2005,198.39
12/1/2005,198.77
11/30/2005,196.38
11/29/2005,197.19
11/28/2005,196.53
11/25/2005,198.6
11/24/2005,198.26
11/23/2005,198.26
11/22/2005,197.22
11/21/2005,195.18
11/18/2005,194.24
11/17/2005,193.08
11/16/2005,190.29
11/15/2005,191.03
11/14/2005,191.49
11/11/2005,192.42
11/10/2005,191
11/9/2005,187.04
11/8/2005,184.92
11/7/2005,185.7
11/4/2005,184.67
11/3/2005,185.22
11/2/2005,186.2
11/1/2005,184.54
10/31/2005,188.69
10/28/2005,187.32
10/27/2005,182.17
10/26/2005,184.33
10/25/2005,185.94
10/24/2005,187.05
10/21/2005,183.52
10/20/2005,181.45
10/19/2005,184.17
10/18/2005,181.66
10/17/2005,183.63
10/14/2005,182.81
10/13/2005,178.67
10/12/2005,178.82
10/11/2005,181.86
10/10/2005,183.08
10/7/2005,185.51
10/6/2005,187
10/5/2005,187.4
10/4/2005,190.86
10/3/2005,194.17
9/30/2005,193.4
9/29/2005,191.01
9/28/2005,188.14
9/27/2005,189.52
9/26/2005,189.92
9/23/2005,189.09
9/22/2005,188.74
9/21/2005,188.13
9/20/2005,192.08
9/19/2005,193.34
9/16/2005,195.03
9/15/2005,195.04
9/14/2005,194.4
9/13/2005,194.8
9/12/2005,196.11
9/9/2005,196.71
9/8/2005,195.91
9/7/2005,196.39
9/6/2005,197.73
9/5/2005,193.23
9/2/2005,193.23
9/1/2005,193.75
8/31/2005,192.71
8/30/2005,188.66
8/29/2005,188.28
8/26/2005,188.52
8/25/2005,190.88
8/24/2005,190.11
8/23/2005,189.42
8/22/2005,189.21
8/19/2005,188.05
8/18/2005,188.82
8/17/2005,190.17
8/16/2005,191.74
8/15/2005,190.83
8/12/2005,189.17
8/11/2005,188.79
8/10/2005,186.65
8/9/2005,185.77
8/8/2005,184.14
8/5/2005,191.09
8/4/2005,197.77
8/3/2005,201.61
8/2/2005,202.3
8/1/2005,200.63
7/29/2005,200.59
7/28/2005,200.82
7/27/2005,198.3
7/26/2005,197.69
7/25/2005,195.94
7/22/2005,195.35
7/21/2005,193.71
7/20/2005,196.56
7/19/2005,194.81
7/18/2005,193.32
7/15/2005,192.94
7/14/2005,191.91
7/13/2005,195.33
7/12/2005,196.62
7/11/2005,196.54
7/8/2005,194.05
7/7/2005,191.12
7/6/2005,190.22
7/5/2005,191.21
7/4/2005,189.02
7/1/2005,189.02
6/30/2005,187.29
6/29/2005,187.07
6/28/2005,186.58
6/27/2005,185.41
6/24/2005,185.67
6/23/2005,186.57
6/22/2005,186.9
6/21/2005,187.01
6/20/2005,188.8
6/17/2005,189.21
6/16/2005,186.98
6/15/2005,186.82
6/14/2005,186.81
6/13/2005,185.02
6/10/2005,184.12
6/9/2005,184.18
6/8/2005,184.21
6/7/2005,183.37
6/6/2005,181.8
6/3/2005,180.13
6/2/2005,180.35
6/1/2005,180.92
5/31/2005,178.56
5/30/2005,177.3
5/27/2005,177.3
5/26/2005,176.27
5/25/2005,176.87
5/24/2005,179.26
5/23/2005,181.55
5/20/2005,181.4
5/19/2005,180.77
5/18/2005,178.62
5/17/2005,176.61
5/16/2005,175.6
5/13/2005,173.5
5/12/2005,174.96
5/11/2005,176.6
5/10/2005,176.29
5/9/2005,176.61
5/6/2005,173.28
5/5/2005,174.95
5/4/2005,173.66
5/3/2005,172.17
5/2/2005,172.54
4/29/2005,172.94
4/28/2005,170.34
4/27/2005,171.32
4/26/2005,169.79
4/25/2005,169.83
4/22/2005,167.63
4/21/2005,166.89
4/20/2005,165.97
4/19/2005,166.84
4/18/2005,165.85
4/15/2005,165.24
4/14/2005,165.43
4/13/2005,166.57
4/12/2005,166.65
4/11/2005,164.22
4/8/2005,163.84
4/7/2005,165
4/6/2005,163.53
4/5/2005,162.67
4/4/2005,162.75
4/1/2005,163.35
3/31/2005,163.48
3/30/2005,163.89
3/29/2005,161.74
3/28/2005,161.66
3/25/2005,162.54
3/24/2005,162.54
3/23/2005,161.84
3/22/2005,162.75
3/21/2005,165.53
3/18/2005,166.51
3/17/2005,167.52
3/16/2005,165.9
3/15/2005,167.76
3/14/2005,168.31
3/11/2005,165.71
3/10/2005,167.93
3/9/2005,166.24
3/8/2005,171.35
3/7/2005,172.59
3/4/2005,171.53
3/3/2005,168.28
3/2/2005,167.37
3/1/2005,168.29
2/28/2005,166.49
2/25/2005,167.78
2/24/2005,164.69
2/23/2005,164.98
2/22/2005,165.57
2/21/2005,169.99
2/18/2005,169.99
2/17/2005,171.58
2/16/2005,171.69
2/15/2005,170.87
2/14/2005,170.18
2/11/2005,170.1
2/10/2005,169.17
2/9/2005,168.48
2/8/2005,167.37
2/7/2005,166.81
2/4/2005,167.58
2/3/2005,164.8
2/2/2005,164.85
2/1/2005,163.08
1/31/2005,161.98
1/28/2005,162.37
1/27/2005,161.56
1/26/2005,163.35
1/25/2005,163.18
1/24/2005,166.56
1/21/2005,167.93
1/20/2005,167.77
1/19/2005,168.97
1/18/2005,168.53
1/17/2005,166.4
1/14/2005,166.4
1/13/2005,164.92
1/12/2005,164.08
1/11/2005,164.92
1/10/2005,166.93
1/7/2005,167.51
1/6/2005,167.54
1/5/2005,166.34
1/4/2005,172.8
1/3/2005,174.99
12/31/2004,177.24
12/30/2004,177.55
12/29/2004,176.91
12/28/2004,176.13
12/27/2004,175.52
12/24/2004,175.78
12/23/2004,175.78
12/22/2004,177.44
12/21/2004,176.37
12/20/2004,174.75
12/17/2004,175
12/16/2004,173.2
12/15/2004,175.23
12/14/2004,174.38
12/13/2004,174.82
12/10/2004,175.22
12/9/2004,173.91
12/8/2004,172.59
12/7/2004,171.72
12/6/2004,174.63
12/3/2004,173.78
12/2/2004,170.96
12/1/2004,172.56
11/30/2004,169.2
11/29/2004,168.38
11/26/2004,168.75
11/25/2004,169.47
11/24/2004,169.47
11/23/2004,167.27
11/22/2004,165.44
11/19/2004,164.35
11/18/2004,166.49
11/17/2004,166.49
11/16/2004,170.04
11/15/2004,171.58
11/12/2004,170
11/11/2004,166.12
11/10/2004,164.42
11/9/2004,163.5
11/8/2004,163.21
11/5/2004,162.28
11/4/2004,166.9
11/3/2004,164.56
11/2/2004,162.92
11/1/2004,164.63
10/29/2004,162.51
10/28/2004,163.29
10/27/2004,163.05
10/26/2004,161.82
10/25/2004,159.34
10/22/2004,160.13
10/21/2004,161.55
10/20/2004,159.5
10/19/2004,160.09
10/18/2004,161.37
10/15/2004,160.32
10/14/2004,159.23
10/13/2004,157.74
10/12/2004,158.5
10/11/2004,156.94
10/8/2004,157.57
10/7/2004,156.3
10/6/2004,158.49
10/5/2004,157.55
10/4/2004,157.44
10/1/2004,156.98
9/30/2004,154.25
9/29/2004,153.05
9/28/2004,152.84
9/27/2004,151.97
9/24/2004,152.08
9/23/2004,151.74
9/22/2004,152.46
9/21/2004,153.6
9/20/2004,153.02
9/17/2004,154.63
9/16/2004,155.2
9/15/2004,152.41
9/14/2004,151.52
9/13/2004,153.6
9/10/2004,154.99
9/9/2004,154.7
9/8/2004,157.39
9/7/2004,157.67
9/6/2004,156.17
9/3/2004,156.17
9/2/2004,155.32
9/1/2004,154.4
8/31/2004,154.83
8/30/2004,153.66
8/27/2004,152.87
8/26/2004,152.72
8/25/2004,152.03
8/24/2004,153.01
8/23/2004,150.88
8/20/2004,151.07
8/19/2004,146.64
8/18/2004,149.22
8/17/2004,147.27
8/16/2004,145.83
8/13/2004,143.7
8/12/2004,143.7
8/11/2004,145.27
8/10/2004,145.44
8/9/2004,144.81
8/6/2004,144.62
8/5/2004,145.05
8/4/2004,147.63
8/3/2004,146.22
8/2/2004,145.83
7/30/2004,143.46
7/29/2004,142.38
7/28/2004,142.46
7/27/2004,141.35
7/26/2004,141.07
7/23/2004,142.22
7/22/2004,143.4
7/21/2004,146.74
7/20/2004,148.25
7/19/2004,147.9
7/16/2004,146.7
7/15/2004,146.98
7/14/2004,145.64
7/13/2004,144.71
7/12/2004,146.03
7/9/2004,144.76
7/8/2004,144.66
7/7/2004,146.94
7/6/2004,145.38
7/5/2004,146
7/2/2004,146
7/1/2004,143.13
6/30/2004,142.93
6/29/2004,141.11
6/28/2004,144.35
6/25/2004,143.74
6/24/2004,142.74
6/23/2004,143.15
6/22/2004,142.22
6/21/2004,142.43
6/18/2004,140.88
6/17/2004,140.24
6/16/2004,139.31
6/15/2004,138.83
6/14/2004,136.17
6/11/2004,138.65
6/10/2004,138.65
6/9/2004,139.14
6/8/2004,139.84
6/7/2004,140.13
6/4/2004,139.06
6/3/2004,138.82
6/2/2004,139.8
6/1/2004,137.73
5/31/2004,139.26
5/28/2004,139.26
5/27/2004,137.81
5/26/2004,137.15
5/25/2004,135.21
5/24/2004,132.51
5/21/2004,131.13
5/20/2004,131.21
5/19/2004,128.5
5/18/2004,131.55
5/17/2004,129.07
5/14/2004,128.12
5/13/2004,126.68
5/12/2004,126.58
5/11/2004,126.54
5/10/2004,125.52
5/7/2004,126.92
5/6/2004,131.47
5/5/2004,131.53
5/4/2004,132.97
5/3/2004,132.05
4/30/2004,130.01
4/29/2004,130.7
4/28/2004,132.62
4/27/2004,133.53
4/26/2004,132.34
4/23/2004,131.6
4/22/2004,132.86
4/21/2004,131.06
4/20/2004,130.68
4/19/2004,135.64
4/16/2004,134.89
4/15/2004,133.48
4/14/2004,130.59
4/13/2004,131.99
4/12/2004,132.98
4/9/2004,140.1
4/8/2004,140.1
4/7/2004,142.83
4/6/2004,140.45
4/5/2004,146.64
4/2/2004,152.7
4/1/2004,154.17
3/31/2004,152.78
3/30/2004,151.64
3/29/2004,150.26
3/26/2004,149.39
3/25/2004,151.02
3/24/2004,149.17
3/23/2004,150.47
3/22/2004,149.63
3/19/2004,150.25
3/18/2004,150.04
3/17/2004,149.36
3/16/2004,147.04
3/15/2004,146.66
3/12/2004,147.87
3/11/2004,146.14
3/10/2004,147.96
3/9/2004,149.74
3/8/2004,149.78
3/5/2004,149.95
3/4/2004,149.12
3/3/2004,148.53
3/2/2004,147.73
3/1/2004,146.66
2/27/2004,144.95
2/26/2004,144.73
2/25/2004,145.01
2/24/2004,143.75
2/23/2004,143.47
2/20/2004,143.51
2/19/2004,143.56
2/18/2004,143.66
2/17/2004,144.09
2/16/2004,143.77
2/13/2004,143.77
2/12/2004,144.94
2/11/2004,146.54
2/10/2004,145.84
2/9/2004,144.85
2/6/2004,144.88
2/5/2004,142.36
2/4/2004,141.42
2/3/2004,144.29
2/2/2004,144.66
1/30/2004,142.74
1/29/2004,141.79
1/28/2004,141.49
1/27/2004,141.36
1/26/2004,140.12
1/23/2004,138.5
1/22/2004,137.28
1/21/2004,136.88
1/20/2004,136.62
1/19/2004,136.72
1/16/2004,136.72
1/15/2004,137.7
1/14/2004,138
1/13/2004,137.28
1/12/2004,137.03
1/9/2004,136.94
1/8/2004,136.63
1/7/2004,136.18
1/6/2004,136.9
1/5/2004,136.61
1/2/2004,136.59
1/1/2004,136.72
12/31/2003,136.72
12/30/2003,137.88
12/29/2003,137.52
12/26/2003,136.71
12/25/2003,136.55
12/24/2003,136.55
12/23/2003,136.18
12/22/2003,136.3
12/19/2003,135.66
12/18/2003,135.41
12/17/2003,135.4
12/16/2003,135.36
12/15/2003,134.46
12/12/2003,135.34
12/11/2003,134.83
12/10/2003,133.95
12/9/2003,134.41
12/8/2003,134.31
12/5/2003,133.38
12/4/2003,133.42
12/3/2003,134
12/2/2003,134.17
12/1/2003,134.53
11/28/2003,132.83
11/27/2003,132.51
11/26/2003,132.51
11/25/2003,131.84
11/24/2003,130.68
11/21/2003,129.78
11/20/2003,130.19
11/19/2003,131.44
11/18/2003,131.77
11/17/2003,131.91
11/14/2003,132.31
11/13/2003,131.78
11/12/2003,131.31
11/11/2003,129.65
11/10/2003,130.39
11/7/2003,130.7
11/6/2003,130.16
11/5/2003,129.04
11/4/2003,129.35
11/3/2003,129.23
10/31/2003,127.54
10/30/2003,128.06
10/29/2003,127.53
10/28/2003,126.34
10/27/2003,127.26
10/24/2003,125.81
10/23/2003,126.7
10/22/2003,127.82
10/21/2003,129.22
10/20/2003,129.26
10/17/2003,129.4
10/16/2003,130.56
10/15/2003,130.27
10/14/2003,130.66
10/13/2003,130.39
10/10/2003,129.96
10/9/2003,130.25
10/8/2003,129.85
10/7/2003,129.97
10/6/2003,130.33
10/3/2003,128.97
10/2/2003,127.71
10/1/2003,126.59
9/30/2003,125.54
9/29/2003,124.92
9/26/2003,123.9
9/25/2003,124.05
9/24/2003,124.21
9/23/2003,125.15
9/22/2003,124.39
9/19/2003,124.37
9/18/2003,123.52
9/17/2003,122.71
9/16/2003,123.39
9/15/2003,123.17
9/12/2003,123.57
9/11/2003,123.31
9/10/2003,122.35
9/9/2003,124.15
9/8/2003,124.45
9/5/2003,124.06
9/4/2003,124.63
9/3/2003,124.44
9/2/2003,123.32
9/1/2003,121.56
8/29/2003,121.56
8/28/2003,121.06
8/27/2003,121.2
8/26/2003,119.9
8/25/2003,118.87
8/22/2003,119.76
8/21/2003,121
8/20/2003,120.7
8/19/2003,120.4
8/18/2003,119.88
8/15/2003,119.23
8/14/2003,119.88
8/13/2003,119.1
8/12/2003,119.77
8/11/2003,119.7
8/8/2003,119.61
8/7/2003,119.77
8/6/2003,119.29
8/5/2003,119.27
8/4/2003,119.65
8/1/2003,120.37
7/31/2003,120.95
7/30/2003,121.16
7/29/2003,119.64
7/28/2003,118.57
7/25/2003,119.1
7/24/2003,118.44
7/23/2003,117.47
7/22/2003,118.11
7/21/2003,117.34
7/18/2003,117.92
7/17/2003,117.16
7/16/2003,118.76
7/15/2003,118.91
7/14/2003,118.94
7/11/2003,117.99
7/10/2003,116.9
7/9/2003,118.67
7/8/2003,119.33
7/7/2003,119.24
7/4/2003,118.03
7/3/2003,118.03
7/2/2003,117.51
7/1/2003,115.78
6/30/2003,114.94
6/27/2003,114.93
6/26/2003,114.7
6/25/2003,113.37
6/24/2003,112.66
6/23/2003,112.14
6/20/2003,113.41
6/19/2003,113.19
6/18/2003,113.45
6/17/2003,114.59
6/16/2003,115.55
6/13/2003,114.46
6/12/2003,115.98
6/11/2003,117.34
6/10/2003,116.54
6/9/2003,114.98
6/6/2003,115.81
6/5/2003,114.67
6/4/2003,114.69
6/3/2003,113.58
6/2/2003,113.07
5/30/2003,112.56
5/29/2003,110.36
5/28/2003,112.76
5/27/2003,114.35
5/26/2003,114.28
5/23/2003,114.28
5/22/2003,113.92
5/21/2003,113.03
5/20/2003,112.52
5/19/2003,111.69
5/16/2003,112.29
5/15/2003,111.81
5/14/2003,111.48
5/13/2003,111.93
5/12/2003,111.88
5/9/2003,111.31
5/8/2003,110.24
5/7/2003,109.55
5/6/2003,110.29
5/5/2003,109.33
5/2/2003,108.43
5/1/2003,107.34
4/30/2003,106.7
4/29/2003,107.56
4/28/2003,107.37
4/25/2003,107.49
4/24/2003,108.23
4/23/2003,109.37
4/22/2003,109.01
4/21/2003,107.95
4/18/2003,107.21
4/17/2003,107.21
4/16/2003,106.53
4/15/2003,106.23
4/14/2003,105.77
4/11/2003,104.33
4/10/2003,104.77
4/9/2003,105.13
4/8/2003,104.91
4/7/2003,105.45
4/4/2003,104.27
4/3/2003,105.09
4/2/2003,105.54
4/1/2003,104.55
3/31/2003,102.44
3/28/2003,103.17
3/27/2003,103.53
3/26/2003,104.05
3/25/2003,103.64
3/24/2003,102.48
3/21/2003,104.95
3/20/2003,103.28
3/19/2003,102.32
3/18/2003,101.44
3/17/2003,101.2
3/14/2003,99.16
3/13/2003,99.47
3/12/2003,98.41
3/11/2003,98.57
3/10/2003,98.63
3/7/2003,99.67
3/6/2003,99.67
3/5/2003,100.28
3/4/2003,100.01
3/3/2003,100.68
2/28/2003,100.58
2/27/2003,100.54
2/26/2003,99.82
2/25/2003,100.27
2/24/2003,99.23
2/21/2003,100.04
2/20/2003,99.14
2/19/2003,99.03
2/18/2003,98.46
2/17/2003,97.29
2/14/2003,97.29
2/13/2003,97.76
2/12/2003,97.55
2/11/2003,98.16
2/10/2003,99.18
2/7/2003,98.27
2/6/2003,99.11
2/5/2003,99.07
2/4/2003,98.98
2/3/2003,98.62
1/31/2003,99.08
1/30/2003,97.51
1/29/2003,98.23
1/28/2003,97.32
1/27/2003,97.06
1/24/2003,97.51
1/23/2003,98.46
1/22/2003,98.15
1/21/2003,98.2
1/20/2003,98.56
1/17/2003,98.56
1/16/2003,99.54
1/15/2003,100.52
1/14/2003,100.87
1/13/2003,100.72
1/10/2003,101.18
1/9/2003,102.1
1/8/2003,101.86
1/7/2003,102.88
1/6/2003,104.44
1/3/2003,103.35
1/2/2003,102.51
1/1/2003,102.02
12/31/2002,102.02
12/30/2002,101.87
12/27/2002,101.28
12/26/2002,101.39
12/25/2002,101.51
12/24/2002,101.51
12/23/2002,101.38
12/20/2002,100.67
12/19/2002,100.27
12/18/2002,100.42
12/17/2002,101.04
12/16/2002,102.01
12/13/2002,101.1
12/12/2002,101.63
12/11/2002,101.49
12/10/2002,101.68
12/9/2002,102
12/6/2002,101.51
12/5/2002,101.69
12/4/2002,101.69
12/3/2002,101.98
12/2/2002,102.59
11/29/2002,101.55
11/28/2002,101.8
11/27/2002,101.8
11/26/2002,100.83
11/25/2002,101
11/22/2002,101.02
11/21/2002,100.46
11/20/2002,100.11
11/19/2002,99.69
11/18/2002,99.66
11/15/2002,100.11
11/14/2002,100.43
11/13/2002,98.65
11/12/2002,99.59
11/11/2002,98.48
11/8/2002,99.33
11/7/2002,99.93
11/6/2002,100.6
11/5/2002,99.83
11/4/2002,99.45
11/1/2002,98.15
10/31/2002,97.23
10/30/2002,96.9
10/29/2002,96.76
10/28/2002,97.46
10/25/2002,98.05
10/24/2002,96.59
10/23/2002,95.46
10/22/2002,95.54
10/21/2002,97.05
10/18/2002,97.42
10/17/2002,97.71
10/16/2002,96.39
10/15/2002,97.33
10/14/2002,95.1
10/11/2002,96.42
10/10/2002,94.68
10/9/2002,92.36
10/8/2002,95.36
10/7/2002,96.44
10/4/2002,99.19
10/3/2002,100.89
10/2/2002,100.94
10/1/2002,102.27
9/30/2002,102.5
9/27/2002,102.79
9/26/2002,103.99
9/25/2002,102.83
9/24/2002,103.28
9/23/2002,103.98
9/20/2002,104.46
9/19/2002,103.61
9/18/2002,104.42
9/17/2002,104.69
9/16/2002,105.27
9/13/2002,105.76
9/12/2002,105.07
9/11/2002,105.66
9/10/2002,105.68
9/9/2002,105.75
9/6/2002,105.96
9/5/2002,105.31
9/4/2002,105.9
9/3/2002,105.38
9/2/2002,106.51
8/30/2002,106.51
8/29/2002,106.09
8/28/2002,106.23
8/27/2002,105.59
8/26/2002,105.77
8/23/2002,104.64
8/22/2002,104.54
8/21/2002,104.6
8/20/2002,103.6
8/19/2002,103.75
8/16/2002,104.55
8/15/2002,103.04
8/14/2002,102.75
8/13/2002,101.78
8/12/2002,103.32
8/9/2002,102.21
8/8/2002,103.23
8/7/2002,103.28
8/6/2002,101.63
8/5/2002,101.04
8/2/2002,102.62
8/1/2002,104.58
7/31/2002,106.46
7/30/2002,106.22
7/29/2002,104.92
7/26/2002,100.17
7/25/2002,96.74
7/24/2002,94.43
7/23/2002,93.91
7/22/2002,96.98
7/19/2002,98.99
7/18/2002,100.51
7/17/2002,103.03
7/16/2002,103.85
7/15/2002,102.73
7/12/2002,103.68
7/11/2002,104.37
7/10/2002,106.52
7/9/2002,107.92
7/8/2002,108.42
7/5/2002,109.67
7/4/2002,108.78
7/3/2002,108.78
7/2/2002,110.09
7/1/2002,111.48
6/28/2002,112.69
6/27/2002,111.63
6/26/2002,111.25
6/25/2002,111.98
6/24/2002,111.17
6/21/2002,111.46
6/20/2002,110.49
6/19/2002,109.97
6/18/2002,110.04
6/17/2002,110.65
6/14/2002,109.88
6/13/2002,110.08
6/12/2002,110.13
6/11/2002,109.87
6/10/2002,109.78
6/7/2002,109.44
6/6/2002,109.55
6/5/2002,110.01
6/4/2002,110.14
6/3/2002,109.62
5/31/2002,109.77
5/30/2002,110.11
5/29/2002,110.06
5/28/2002,109.16
5/27/2002,108.38
5/24/2002,108.38
5/23/2002,108.58
5/22/2002,106.67
5/21/2002,106.66
5/20/2002,107.4
5/17/2002,107.76
5/16/2002,107.34
5/15/2002,108.02
5/14/2002,107.3
5/13/2002,106.85
5/10/2002,106.43
5/9/2002,107.24
5/8/2002,108.52
5/7/2002,108.87
5/6/2002,109.31
5/3/2002,110.31
5/2/2002,110.4
5/1/2002,109.34
4/30/2002,108.51
4/29/2002,107.1
4/26/2002,107.09
4/25/2002,107.63
4/24/2002,107.16
4/23/2002,106.59
4/22/2002,108.01
4/19/2002,109.13
4/18/2002,110.03
4/17/2002,109.75
4/16/2002,111.37
4/15/2002,112.63
4/12/2002,113.91
4/11/2002,112.2
4/10/2002,112.81
4/9/2002,111.51
4/8/2002,110.57
4/5/2002,109.52
4/4/2002,108.71
4/3/2002,108.19
4/2/2002,108.43
4/1/2002,108.26
3/29/2002,107.95
3/28/2002,107.95
3/27/2002,108.3
3/26/2002,107.83
3/25/2002,107.22
3/22/2002,107.68
3/21/2002,107.77
3/20/2002,106.83
3/19/2002,107.13
3/18/2002,106.9
3/15/2002,106.55
3/14/2002,106.21
3/13/2002,105.01
3/12/2002,105.05
3/11/2002,105.18
3/8/2002,105.9
3/7/2002,105.88
3/6/2002,106.02
3/5/2002,105.48
3/4/2002,103.83
3/1/2002,102.65
2/28/2002,101.56
2/27/2002,101.83
2/26/2002,101.85
2/25/2002,101.75
2/22/2002,101.75
2/21/2002,100.4
2/20/2002,101.49
2/19/2002,100.61
2/18/2002,101.04
2/15/2002,101.04
2/14/2002,100.47
2/13/2002,100.45
2/12/2002,99.98
2/11/2002,100.35
2/8/2002,99.58
2/7/2002,99.27
2/6/2002,99.56
2/5/2002,99.97
2/4/2002,100.17
2/1/2002,99.97
1/31/2002,99.95
1/30/2002,100.03
1/29/2002,99.42
1/28/2002,99.72
1/25/2002,99.61
1/24/2002,99.75
1/23/2002,99.99
1/22/2002,99.95
1/21/2002,99.86
1/18/2002,99.86
1/17/2002,100.53
1/16/2002,99.93
1/15/2002,100.58
1/14/2002,100.98
1/11/2002,99.87
1/10/2002,99.97
1/9/2002,100.12
1/8/2002,100.41
1/7/2002,100.29
1/4/2002,100.64
1/3/2002,100.95
1/2/2002,100.1
1/1/2002,100
12/31/2001,100
12/28/2001,100.25
12/27/2001,99.9
12/26/2001,99.82
12/25/2001,99.51
12/24/2001,99.51
12/21/2001,99.16
12/20/2001,98.5
12/19/2001,99
12/18/2001,99.56
12/17/2001,99.35
12/14/2001,98.82
12/13/2001,98.18
12/12/2001,98.97
12/11/2001,99.72
12/10/2001,99.25
12/7/2001,100.02
12/6/2001,99.83
12/5/2001,99.28
12/4/2001,98.69
12/3/2001,97.44
11/30/2001,97.97
11/29/2001,98.11
11/28/2001,97.5
11/27/2001,97.33
11/26/2001,97.55
11/23/2001,97.85
11/22/2001,97.32
11/21/2001,97.32
11/20/2001,96.94
11/19/2001,97.45
11/16/2001,97.29
11/15/2001,97.27
11/14/2001,96.45
11/13/2001,95.86
11/12/2001,94.9
11/9/2001,94.49
11/8/2001,95.01
11/7/2001,94.66
11/6/2001,95.05
11/5/2001,93.77
11/2/2001,93.66
11/1/2001,94.58
10/31/2001,93.07
10/30/2001,92.28
10/29/2001,92.36
10/26/2001,92.03
10/25/2001,92.07
10/24/2001,91.73
10/23/2001,92.63
10/22/2001,92.68
10/19/2001,93.93
10/18/2001,94.61
10/17/2001,95.42
10/16/2001,96.05
10/15/2001,96.99
10/12/2001,96.38
10/11/2001,96.63
10/10/2001,95.79
10/9/2001,95.2
10/8/2001,94.91
10/5/2001,94.79
10/4/2001,95.18
10/3/2001,94.07
10/2/2001,95.5
10/1/2001,96.14
9/28/2001,96.17
9/27/2001,94.67
9/26/2001,93.9
9/25/2001,92.85
9/24/2001,91.54
9/21/2001,90.72
9/20/2001,92.19
9/19/2001,94.26
9/18/2001,95.24
9/17/2001,94.26
9/14/2001,97.53
9/13/2001,97.53
9/12/2001,97.53
9/11/2001,97.46
9/10/2001,97.44
9/7/2001,97.64
9/6/2001,98.57
9/5/2001,99.64
9/4/2001,99.85
9/3/2001,100.02
8/31/2001,100.02
8/30/2001,100.25
8/29/2001,101.19
8/28/2001,101.95
8/27/2001,102.35
8/24/2001,102.12
8/23/2001,102.83
8/22/2001,102.88
8/21/2001,102.84
8/20/2001,102.11
8/17/2001,101.52
8/16/2001,101.34
8/15/2001,101.09
8/14/2001,100.29
8/13/2001,99.71
8/10/2001,99.8
8/9/2001,98.94
8/8/2001,98.68
8/7/2001,98.47
8/6/2001,98.07
8/3/2001,97.79
8/2/2001,97.48
8/1/2001,97.07
7/31/2001,96.57
7/30/2001,96.44
7/27/2001,97.15
7/26/2001,97.35
7/25/2001,97.02
7/24/2001,96.91
7/23/2001,97.39
7/20/2001,97.85
7/19/2001,97.99
7/18/2001,97.84
7/17/2001,97.81
7/16/2001,97.14
7/13/2001,97.25
7/12/2001,96.89
7/11/2001,96.31
7/10/2001,96.7
7/9/2001,97.25
7/6/2001,98.29
7/5/2001,98.52
7/4/2001,98.65
7/3/2001,98.65
7/2/2001,98.65
6/29/2001,98.68
6/28/2001,98.01
6/27/2001,97.46
6/26/2001,97.75
6/25/2001,96.79
6/22/2001,97.02
6/21/2001,97.49
6/20/2001,97.36
6/19/2001,96.57
6/18/2001,96.79
6/15/2001,96.39
6/14/2001,96.45
6/13/2001,96.52
6/12/2001,96.36
6/11/2001,95.51
6/8/2001,94.68
6/7/2001,94.96
6/6/2001,94.72
6/5/2001,94.57
6/4/2001,94.09
6/1/2001,93.61
5/31/2001,93.27
5/30/2001,93.02
5/29/2001,93.72
5/28/2001,93.96
5/25/2001,93.96
5/24/2001,94.05
5/23/2001,93.45
5/22/2001,93.13
5/21/2001,92.62
5/18/2001,92.28
5/17/2001,91.89
5/16/2001,91.49
5/15/2001,90.95
5/14/2001,90.65
5/11/2001,90.46
5/10/2001,90.34
5/9/2001,90.44
5/8/2001,90.36
5/7/2001,90.42
5/4/2001,90.78
5/3/2001,90.75
5/2/2001,90.76
5/1/2001,91.34
4/30/2001,91.13
4/27/2001,91.1
4/26/2001,90.12
4/25/2001,89.23
4/24/2001,88.79
4/23/2001,88.83
4/20/2001,89.02
4/19/2001,89.2
4/18/2001,89.14
4/17/2001,88.17
4/16/2001,87.18
4/13/2001,87.35
4/12/2001,87.35
4/11/2001,87.16
4/10/2001,88.55
4/9/2001,88.41
4/6/2001,88.09
4/5/2001,89.27
4/4/2001,88.27
4/3/2001,88.37
4/2/2001,89.35
3/30/2001,89.16
3/29/2001,88.3
3/28/2001,87.87
3/27/2001,88.71
3/26/2001,88.75
3/23/2001,87.45
3/22/2001,87.36
3/21/2001,87.77
3/20/2001,88.49
3/19/2001,88.83
3/16/2001,88.02
3/15/2001,88.37
3/14/2001,88.74
3/13/2001,89.29
3/12/2001,89.25
3/9/2001,89.78
3/8/2001,90
3/7/2001,89.79
3/6/2001,89.5
3/5/2001,89.35
3/2/2001,89.48
3/1/2001,88.94
2/28/2001,88.17
2/27/2001,87.78
2/26/2001,87.5
2/23/2001,86.74
2/22/2001,86.37
2/21/2001,87.19
2/20/2001,87.78
2/19/2001,87.9
2/16/2001,87.9
2/15/2001,88.11
2/14/2001,87.98
2/13/2001,87.82
2/12/2001,87.96
2/9/2001,87.84
2/8/2001,88.54
2/7/2001,88.9
2/6/2001,89.27
2/5/2001,89.34
2/2/2001,89.42
2/1/2001,89.72
1/31/2001,89.81
1/30/2001,90.04
1/29/2001,89.56
1/26/2001,89.36
1/25/2001,89.61
1/24/2001,89.41
1/23/2001,89.38
1/22/2001,88.83
1/19/2001,88.64
1/18/2001,88.71
1/17/2001,88.6
1/16/2001,88.52
1/15/2001,88.47
1/12/2001,88.47
1/11/2001,88.51
1/10/2001,88.65
1/9/2001,88.63
1/8/2001,88.41
1/5/2001,88.28
1/4/2001,89.87
1/3/2001,90.05
1/2/2001,88.65
1/1/2001,89.22
12/29/2000,89.22
